t,BSMBrightness,BSMlat,BSMlon,SMC,Cab,Cca,Cant,Cdm,Cw,Cs,N,LAI,LIDFa,LIDFb,SIF_PC1,SIF_PC2,SIF_PC3,SIF_PC4,SZA
0.000999000999000999,0.9,24.752299,47.363999,0.18,30,10,2,0.0019999999,0.0019999443,0.099999999,1.5000001,1.11022302462517e-13,-0.350066055,-0.149966065,2.220446e-14,-20,-10,-2,20.3
0.001998001998002,0.9,26.627946,46.76274,0.18,36.290917,3.9685171e-14,0.40730839,2.6956605e-12,4.0327254e-14,3.9642735e-14,1.8852133,0.0385598204911106,-0.052912532,-0.081982148,33.327662,-20,-4.7777653,-2,20.3
0.002997002997003,0.9,26.310484,45.912537,0.18,30.000014,9.9990276,1.999976,0.00199993,0.001932024,0.099997367,1.5000053,7.01572133726051e-11,-0.35004882,-0.14997959,25.225252,-20,-3.1760446,-2,20.3
0.003996003996004,0.82878819,25.104647,46.800322,0.18,28.556683,6.2594856e-05,1.3506552,0.0014378329,0.053250041,1.5506935e-05,1.5905697,0.0627960841432159,-0.26757321,-0.15732865,14.887861,-19.999995,-1.105261,-2,20.3
0.004995004995005,0.9,21.281857,48.619387,0.29969479,54.277299,14.444215,1.7253526,6.4687387e-13,0.099853128,3.5681742e-14,2.4942831,0.226280731367026,0.598439955,-0.256020155,2.2393439e-14,-20,-10,-2,20.3
0.00599400599400599,0.9,23.941905,46.701599,0.18,42.383425,7.5627368,1.3588879,9.5941486e-09,0.10086839,5.3567612e-09,1.8701738,0.145063698454203,-0.0609578325,-0.1539418175,2.4603296e-14,-20,-10,-2,20.3
0.00699300699300699,0.87164324,23.240229,46.832232,0.18,40.572549,6.835221,1.3333182,4.4265667e-08,0.099298143,6.0776448e-10,1.7728828,0.147163183253786,-0.01329793,-0.2121244,2.2777288,-19.999999,-6.984589,-2,20.3
0.00799200799200799,0.84448292,21.460864,47.986053,0.24827497,48.087786,10.019888,1.458511,2.3634893e-09,0.10199747,2.4431074e-10,2.0349402,0.268839315412048,0.141104355,-0.244488365,13.888869,-20,-2.0589443,-2,20.3
0.00899100899100899,0.9,20,52.441912,0.40944321,75.396519,20.571219,2.196271,2.547755e-14,0.1063947,3.7006065e-14,2.4913875,0.608872680530282,-0.1107805125,-0.1689966675,26.87243,-20,5.9226706,2,20.3
0.00999000999000999,0.83635417,20,53.148991,0.35720177,73.349879,17.078549,2.1777144,2.9562321e-14,0.098798736,3.4466697e-06,2.1252363,0.621266721398468,-0.35024174,-0.24054655,39.475115,-20,9.9999978,2,20.3
0.010989010989011,0.83459435,20,52.922332,0.38690794,83.050993,18.871617,2.2255074,1.2925131e-07,0.10018441,2.4257539e-07,2.3234448,0.632309459817544,-0.274237533,-0.221113837,40,-19.999999,9.9999603,2,20.3
0.011988011988012,0.74747427,20,54.127755,0.32870875,87.216963,16.11515,2.1260926,6.8150092e-09,0.094160756,1.551715e-08,2.3276532,0.500363984911192,-0.150737836,-0.193854104,40,-19.999999,10,2,20.3
0.012987012987013,0.7904848,20,57.384567,0.40133019,90.456386,19.423666,2.2646385,8.0252982e-10,0.089036697,2.508521e-08,2.4377586,0.910987802409076,-0.55983427,-0.2279628,32.486751,-19.999994,9.9999939,2,20.3
0.013986013986014,0.81497488,20,64.115829,0.3976607,119.98601,31.155058,2.7679462,8.5512681e-09,0.11876872,6.6976929e-12,3.2051023,1.02422172628131,-0.1575800955,0.0897849945,19.016384,-20,10,2,20.3
0.014985014985015,0.89999998,20,66.772077,0.35342321,120,38.040233,3.3554599,3.7739354e-13,0.11470119,1.8466994e-09,3.2099415,0.830457045465559,0.504658365,0.047495145,40,-20,10,2,20.3
0.015984015984016,0.88359085,21.157281,48.92798,0.22048959,58.344763,13.847369,1.8708278,2.223193e-14,0.095833266,2.2217662e-14,2.100529,0.280089219157018,0.16427378,-0.24348279,34.287506,-20,6.3374991,-2,20.3
0.016983016983017,0.75383979,20,55.63072,0.21863148,78.62176,13.104994,2.101076,1.8757139e-07,0.035342663,0.83708089,1.3731785,0.348408591651636,-0.51678018,-0.27105341,40,-19.342838,10,2,20.3
0.017982017982018,0.68355429,20,53.443339,0.18,79.126927,13.644955,2.1226904,0.0054742172,0.0072868091,0.5545384,1.314036,0.26001682687832,-1,0,40,-20,10,2,20.3
0.018981018981019,0.69110073,20,52.817652,0.18,77.016526,13.331381,2.1121747,0.0054220503,3.9430353e-14,0.60287804,1.2379368,0.177372858357273,-1,0,40,-20,10,2,20.3
0.01998001998002,0.69578265,20,52.956673,0.18,77.358431,13.520819,2.1181286,0.0063931668,0.00068254738,0.57588467,1.2810239,0.2389366111677,-1,0,40,-19.999998,10,2,20.3
0.020979020979021,0.71062647,20,52.701736,0.18,76.192495,13.216108,2.1079351,0.0048264902,3.7357476e-14,0.63226714,1.240991,0.199560948840707,-1,0,40,-20,10,2,20.3
0.021978021978022,0.7045805,20,53.399829,0.18,80.073156,13.307456,2.1119158,0.0065239771,7.7075488e-12,0.7011155,1.224944,0.217059973175481,-0.999999995,-5.0000000251238e-09,40,-20,10,2,20.3
0.022977022977023,0.6936493,20,54.51664,0.18,81.559317,13.126302,2.1073455,0.0042256218,0.0099380221,0.77596459,1.2963066,0.32762290233826,-1,0,40,-16.933622,10,2,20.3
0.023976023976024,0.69815104,20.000003,55.143068,0.18000027,81.730166,12.73371,2.0956086,0.0026981154,0.015662841,0.85655787,1.2835589,0.372984877712732,-0.99999998,1.99999999894729e-08,39.999983,-13.067936,9.999997,2,20.3
0.024975024975025,0.6740441,20,53.258609,0.18,79.338007,13.571068,2.1200304,0.006021146,0.0044642845,0.60217439,1.2544705,0.231244619536927,-1,0,39.999999,-19.99998,9.9999998,2,20.3
0.025974025974026,0.65001666,20,53.762034,0.18,78.52728,13.483137,2.1183185,0.0043235397,0.022700303,0.6160712,1.2482491,0.297593191958191,-0.999999995,-5.0000000251238e-09,40,-19.999998,10,2,20.3
0.026973026973027,0.65883938,20,53.64491,0.21346006,79.859045,13.75903,2.1267466,0.0029524053,0.038441158,0.62679935,1.2892491,0.317656934337961,-1,0,40,-20,10,2,20.3
0.027972027972028,0.71404267,20,52.087097,0.26026956,76.589445,14.475331,2.1457347,0.0023544667,0.045516957,0.45593835,1.3644192,0.381048459948021,-0.999999655,-3.45000000012696e-07,40,-19.999999,10,2,20.3
0.028971028971029,0.72820167,20,51.967959,0.26172493,75.987404,14.984833,2.1599015,0.0021993202,0.057298908,0.28122576,1.3990562,0.491321346165624,-0.999999995,-5.0000000251238e-09,40,-20,10,2,20.3
0.02997002997003,0.72778751,20,53.407047,0.23157553,77.667994,14.206469,2.1368038,0.002008388,0.055091996,0.36284888,1.423211,0.535069185982651,-0.99999985,1.49999999976558e-07,39.999997,-19.999997,9.9999991,2,20.3
0.030969030969031,0.7185196,20,55.302095,0.19701121,77.757934,12.766312,2.0968752,0.00063980855,0.040602628,0.55222668,1.4722386,0.512534787983585,-0.966406175,-0.033593825,40,-20,10,2,20.3
0.031968031968032,0.70962395,20,55.508741,0.18,83.09204,12.695736,2.0962948,0.0029059912,0.018223118,0.80718206,1.3506681,0.414353854803654,-1,0,40,-20,10,2,20.3
0.032967032967033,0.71513565,20,54.88602,0.18000001,84.047012,12.946877,2.102561,0.0050065337,0.0072623256,0.78900954,1.3011558,0.298475990260216,-1,0,39.999995,-19.997186,9.999999,2,20.3
0.033966033966034,0.71914189,20,55.502776,0.18515699,79.775557,12.473261,2.0891521,0.0010218316,0.022553422,0.71701531,1.4184877,0.419728291011617,-1,0,40,-20,10,2,20.3
0.034965034965035,0.71441335,20,55.508341,0.18,79.82061,12.690329,2.095561,0.001796558,0.023146352,0.65085574,1.4557391,0.43994369043894,-1,0,40,-20,10,2,20.3
0.035964035964036,0.75560567,20,54.914531,0.21445642,83.287548,13.292522,2.1118139,0.00058293587,0.021603078,0.69465927,1.4446511,0.426759188480591,-0.955195335,-0.044804665,40,-20,10,2,20.3
0.036963036963037,0.73787834,20,54.784823,0.18,81.290799,13.049289,2.1042855,0.0028520114,0.01350246,0.59651849,1.4730723,0.407226369883143,-1,0,40,-20,10,2,20.3
0.037962037962038,0.73418091,20,55.064419,0.18,82.448864,13.061921,2.1053459,0.0024467793,0.016227401,0.65426533,1.4507676,0.435335078141696,-0.99999999,-9.99999999473644e-09,40,-19.999977,10,2,20.3
0.038961038961039,0.72606641,20,55.172782,0.18,82.775683,13.053011,2.1043532,0.0030297554,0.014650571,0.72390952,1.4033702,0.4204287023857,-1,0,40,-20,10,2,20.3
0.03996003996004,0.72997772,20,54.940778,0.18,82.310163,13.869966,2.1295526,0.0020344106,0.028412146,0.44094953,1.5398078,0.517833599581336,-0.999999995,5.0000000251238e-09,40,-19.999993,10,2,20.3
0.040959040959041,0.74726085,20,54.450777,0.21632893,81.078415,14.256229,2.1411638,0.00073367434,0.02694433,0.47891774,1.4984174,0.48953900351043,-0.938249035,-0.061750965,40,-20,10,2,20.3
0.041958041958042,0.78376585,20,54.219579,0.235166,83.217069,15.277496,2.1756128,0.00094515945,0.031101611,0.36226877,1.5646212,0.561582708486014,-0.91162753,-0.08837247,40,-19.999999,10,2,20.3
0.042957042957043,0.72936822,20,56.22451,0.18,83.91679,14.723013,2.1531728,1.4400446e-06,0.037153709,0.31794493,1.8826535,0.646300125299577,-0.8772864,-0.1227136,40,-20,10,2,20.3
0.043956043956044,0.74912957,20,57.506764,0.20476214,100.15694,15.319324,2.1650927,4.0903151e-07,0.0194429,0.63151214,1.7993082,0.353984565745664,-0.27632522,-0.16091204,40,-20,10,2,20.3
0.044955044955045,0.73506883,20,56.96788,0.23674214,84.762144,12.998756,2.1026757,2.7138794e-06,0.011922288,0.82080554,1.4306111,0.419788216466245,-0.549001685,-0.215073455,40,-20,10,2,20.3
0.045954045954046,0.81911728,20,54.054816,0.36291375,84.634465,19.751628,2.3352077,2.5659182e-08,0.048027731,0.049927643,2.1264075,0.84478599491213,-0.717025625,-0.219815575,40,-19.999999,10,2,20.3
0.046953046953047,0.72753396,20,54.960418,0.33394063,84.352318,19.881031,2.3173158,1.2775373e-08,0.050605424,3.0351442e-13,2.3016661,0.731158853253089,-0.556372225,-0.145241095,39.999998,-20,10,2,20.3
0.047952047952048,0.78589412,20.619154,51.160601,0.31438437,86.873232,18.144309,2.0900692,1.5950929e-12,0.099917019,2.3064955e-14,3.0616345,0.513207643942155,0.0664091085,-0.1304495515,33.8603,-20,8.3649281,-2,20.3
0.048951048951049,0.9,22.439986,52.762028,0.21440572,101.44736,16.157894,1.9179921,2.2214147e-14,0.11527315,2.2214763e-14,3.5,0.356528342921684,0.804684315,-0.195315025,40,-20,10,-2,20.3
0.04995004995005,0.82268101,20,51.779121,0.22835372,98.549512,21.668412,2.2439102,1.8106508e-10,0.11015022,3.5801534e-11,3.1821776,0.503183651602119,0.076474937,-0.110855023,26.043224,-20,5.09315,-2,20.3
0.050949050949051,0.9,20,57.077603,0.31619671,120,32.605428,2.6870355,3.5994657e-12,0.11816557,3.5195542e-14,3.5,0.611395715079842,0.52502136,-0.0446194,14.755932,-20,7.8021324,2,20.3
0.051948051948052,0.83650848,20,57.737863,0.36172682,114.87426,30.500466,2.6423729,1.1742374e-09,0.1096892,1.6112456e-12,3.3643048,1.12839067830545,-0.29966245,0.15197223,7.8353988,-20,10,2,20.3
0.0529470529470529,0.48660759,24.787599,56.296579,0.18000003,41.001739,7.2405145,1.9771491,0.0027791201,0.010527642,0.059636831,1.58683,0.467416971467409,-0.96637253,-0.03362706,39.612005,20,10,1.9999984,20.3
0.0539460539460539,0.52487554,20.899562,57.971403,0.23216119,64.848936,13.631435,2.0831876,7.9599734e-08,0.05576216,2.2793053e-14,2.477747,0.409976682815574,-0.284122535,-0.088433395,40,10.223923,10,-1.9642246,20.3
0.0549450549450549,0.83174958,20,50.379227,0.29584701,88.236349,13.441356,1.8775404,8.3699582e-11,0.12213322,5.5263645e-13,2.640017,0.306407278360349,0.1150197315,-0.1989387985,3.153859,-20,-8.4573811,-2,20.3
0.0559440559440559,0.69678706,22.182002,50.145512,0.18,43.258815,2.6573367,1.8189441,0.001460787,0.065910093,1.7664361e-09,1.6294168,0.378911815050952,-0.98277715,-0.01722285,20.395346,-20,-4.2958556,1.7581781,20.3
0.0569430569430569,0.66715331,21.38815,50.688385,0.18000009,48.364251,5.0415558,1.8947184,0.0010458717,0.054025112,1.5808256e-07,1.761276,0.352524334165862,-0.84210626,-0.15789238,17.529244,-19.997279,-5.8186998,1.7299325,20.3
0.0579420579420579,0.64733729,21.650342,50.822444,0.18,45.44904,3.5224805,1.8477258,0.00091499332,0.062796628,5.646724e-08,1.7095116,0.333264863076722,-0.812271955,-0.187695505,19.52182,-19.999999,-3.3717866,0.78515067,20.3
0.0589410589410589,0.61706975,21.162789,50.538925,0.18,39.279303,7.466808,1.9229528,0.0019862241,0.058208908,1.4127017e-07,1.5569172,0.325967037644304,-0.99999911,-8.89999999975633e-07,13.870789,-19.999183,-7.2923304,-0.65642388,20.3
0.0599400599400599,0.60583904,20.867418,50.958262,0.18,41.891665,8.6095642,1.9505666,0.0013543055,0.076959866,5.3522222e-10,1.5948354,0.381377866214668,-0.94024043,-0.05975957,13.588061,-19.999663,-7.8851519,-1.9990707,20.3
0.0609390609390609,0.60780596,20.660057,51.230532,0.18000004,41.765285,9.5707699,1.9703499,0.0016688967,0.070200033,4.8760472e-07,1.6151825,0.414871236784153,-0.9999968,1.05999999999717e-06,15.166657,-19.843572,-8.0806178,-0.5078098,20.3
0.0619380619380619,0.62071386,20.259463,51.984024,0.18,43.421736,10.534309,1.9900865,0.00063371886,0.079816392,6.2117043e-13,1.7377179,0.377145257358925,-0.790536995,-0.205810945,17.093064,-15.100897,-5.8557797,-0.21423658,20.3
0.0629370629370629,0.64818979,21.195137,51.86157,0.18,42.254595,8.932478,1.944122,0.0012331213,0.079713708,1.5322663e-09,1.6768605,0.456763688093464,-0.96621165,-0.03378835,20.853223,-18.98753,-4.3763209,2,20.3
0.0639360639360639,0.64346713,21.210645,52.012344,0.18000078,42.88996,7.6074599,1.9020725,0.00095336416,0.070289593,1.7044501e-06,1.7864113,0.417942831113988,-0.866441365,-0.133558615,26.052376,-19.984157,-1.2396025,2,20.3
0.0649350649350649,0.64296395,20,52.505242,0.22543928,58.377465,13.805259,2.1168734,9.0207923e-06,0.069162081,4.8224479e-10,1.6743559,0.298213410697683,-0.407024285,-0.201038515,36.340498,-20,4.0842799,2,20.3
0.0659340659340659,0.60884755,20.000001,53.934367,0.18000772,55.76641,10.870081,2.0391187,0.0003520385,0.058936267,0.056522087,1.6546749,0.325419557179129,-0.51867523,-0.1695258,39.999569,-19.990514,8.112074,1.9961627,20.3
0.0669330669330669,0.69635831,20,51.53066,0.26510801,63.574205,16.088788,2.2125031,1.7775699e-06,0.071858915,6.3229537e-09,1.5753986,0.391636641807903,-0.50501215,-0.26298082,33.496577,-20,4.0430515,2,20.3
0.0679320679320679,0.77184233,20,49.793945,0.34101122,67.175952,17.803526,2.2492988,2.2669158e-14,0.081972691,2.7466103e-10,1.6040186,0.451321949700014,-0.49998695,-0.34489383,17.671053,-19.999999,-3.2920509,2,20.3
0.0689310689310689,0.75678091,20,49.710118,0.31661232,66.183966,17.327699,2.214514,6.1770551e-08,0.087913829,2.08781e-10,1.677265,0.381256736941607,-0.3611379715,-0.2875970685,12.181386,-20,-5.9936083,2,20.3
0.0699300699300699,0.76002207,20,49.643391,0.31405275,65.668326,17.599483,2.205623,5.8614903e-08,0.0956782,4.1983667e-13,1.7807472,0.383012111237847,-0.3096962305,-0.2758270895,5.9402613,-20,-9.3287381,2,20.3
0.0709290709290709,0.7178794,20,50.879482,0.2920929,62.900157,16.45348,2.1762102,4.8473768e-09,0.090497174,1.2482994e-09,1.7719415,0.397604312625353,-0.368024735,-0.255506795,14.929464,-20,-4.9174137,2,20.3
0.0719280719280719,0.71247331,20,50.660305,0.29549363,63.236722,16.684758,2.1708542,1.475261e-09,0.090782744,3.078735e-13,1.7863435,0.380351557567844,-0.3448700305,-0.2560742495,12.550287,-20,-8.0578772,2,20.3
0.0729270729270729,0.71654878,20.000003,50.789379,0.29575657,64.571529,16.436097,2.1898336,1.8874514e-09,0.085597573,5.6726023e-13,1.6474007,0.465146273464663,-0.50833382,-0.29444928,21.916649,-19.999969,-1.2372163,2,20.3
0.0739260739260739,0.69326504,21.835867,51.320325,0.18000007,44.952907,8.0928563,1.8787813,0.00017183811,0.087068287,3.3775837e-11,1.7952501,0.576913406566371,-0.916879245,-0.083120755,22.904513,-19.999918,-0.84097806,2,20.3
0.0749250749250749,0.75734001,20,52.960123,0.30527729,79.773661,16.153405,2.0495656,2.9954411e-11,0.11348805,9.0358171e-14,2.4465798,0.481302450530789,-0.246553736,-0.187610054,7.5711581,-20,-5.5379014,1.8213525,20.3
0.0759240759240759,0.74302836,25.21591,48.5308,0.18,41.52374,1.1857515e-07,1.4963737,0.0010342518,0.048688494,3.8695782e-09,1.6752594,0.138638264596367,-0.594760695,-0.168963485,24.864175,-20,-0.32108202,-2,20.3
0.0769230769230769,0.62455352,23.173346,44.974625,0.18,30,10,2,0.0020000001,0.0027261091,0.1,1.5,1.11022302462517e-13,-0.35,-0.15,2.2204461e-14,-1.8073262,-0.57764299,-2,20.3
0.0779220779220779,0.61360764,23.509325,45.730434,0.18,29.999143,9.9999994,1.9999999,0.0020000328,0.0025257479,0.099999945,1.4999999,1.5654144647215e-13,-0.350002655,-0.150000125,2.5918686,-19.929095,-4.5306318,-2,20.3
0.0789210789210789,0.63999989,24.073609,45.990134,0.18,29.999962,9.9999855,1.999999,0.0020000062,0.0027491595,0.099999459,1.4999996,2.63455923744244e-11,-0.3500032,-0.14999997,4.5671836,-20,-5.6278229,-2,20.3
0.0799200799200799,0.64180661,23.44001,45.602712,0.18,29.99923,9.9999999,1.9999999,0.0020000533,0.0028999774,0.099999971,1.5,1.11022302462517e-13,-0.35000195,-0.15000013,2.1354801,-19.968713,-4.2912206,-2,20.3
0.0809190809190809,0.65689708,22.799722,44.802922,0.18,30,10,2,0.0020000018,0.002758981,0.1,1.5,1.11022302462517e-13,-0.35,-0.15,2.2204501e-14,-2.4329803,-0.74803498,-2,20.3
0.0819180819180819,0.66518612,22.776904,44.485393,0.18,29.999978,10,2,0.0020001463,0.0033934449,0.1,1.5,1.11022302462517e-13,-0.350000035,-0.150000005,2.2204847e-14,0.89824769,0.52695432,-2,20.3
0.0829170829170829,0.65587138,23.107955,44.371152,0.18,29.999999,10,2,0.0020000039,0.0031865766,0.1,1.5,1.11022302462517e-13,-0.35,-0.15,2.2226768e-14,0.79839941,1.2532303,-2,20.3
0.0839160839160839,0.64974663,23.016541,44.200199,0.18,30,10,2,0.0020000019,0.0027530153,0.1,1.5,1.11022302462517e-13,-0.35,-0.15,2.2204464e-14,0.3604015,0.27764667,-2,20.3
0.0849150849150849,0.64444849,23.101001,44.335594,0.18,30,10,2,0.00200121,0.0027061234,0.1,1.5,1.11022302462517e-13,-0.35,-0.15,2.220446e-14,-0.41318482,-0.23175861,-2,20.3
0.0859140859140859,0.63890422,23.106646,44.536624,0.18,29.999995,10,2,0.0020003084,0.0028186852,0.1,1.5,1.11022302462517e-13,-0.35000001,-0.15,2.2211585e-14,-2.1036688,-1.6299805,-2,20.3
0.0869130869130869,0.6383642,23.269265,44.626635,0.18,29.999998,10,2,0.0020000118,0.0026674195,0.1,1.5,1.11022302462517e-13,-0.35,-0.15,2.2635188e-14,-3.7547608,-1.7494781,-2,20.3
0.0879120879120879,0.65086564,23.420584,44.493909,0.18,30,10,2,0.0020000002,0.0028239661,0.1,1.5,1.11022302462517e-13,-0.35,-0.15,2.2204464e-14,-5.2250582,-1.9315394,-2,20.3
0.0889110889110889,0.661007,23.7408,44.430205,0.18,30,10,2,0.002,0.0024437344,0.1,1.5,1.11022302462517e-13,-0.35,-0.15,2.220446e-14,-5.7660217,-1.3344595,-2,20.3
0.0899100899100899,0.65644623,23.785504,44.618685,0.18,30,10,2,0.002,0.0024298552,0.1,1.5,1.11022302462517e-13,-0.35,-0.15,2.220446e-14,-6.9583482,-1.4614931,-2,20.3
0.0909090909090909,0.64612973,23.768241,44.836204,0.18,30,10,2,0.0020000005,0.0028915251,0.1,1.5,1.11022302462517e-13,-0.35,-0.15,2.2302978e-14,-8.3670975,-1.4705595,-2,20.3
0.0919080919080919,0.65335746,23.533367,44.837006,0.18,29.999985,10,2,0.0020000774,0.0027365061,0.1,1.5,1.11022302462517e-13,-0.35000005,-0.14999998,5.1252523e-10,-10.137721,-3.2990436,-2,20.3
0.0929070929070929,0.67678492,23.028804,44.951895,0.18,29.999524,10,2,0.0020002594,0.0033197425,0.099999999,1.5,1.11022302462517e-13,-0.350000355,-0.150000015,1.4337227e-09,-14.044124,-4.7890005,-2,20.3
0.0939060939060939,0.6602827,23.287828,45.52953,0.18,30,10,2,0.002,0.0025613986,0.1,1.5,1.11022302462517e-13,-0.35,-0.15,0.084187601,-18.674153,-6.1864311,-2,20.3
0.0949050949050949,0.63325983,23.39525,45.807155,0.18,29.999984,10,2,0.0020006088,0.0025126202,0.099999998,1.5,1.11022302462517e-13,-0.35000014,-0.14999995,3.3126423e-06,-19.985969,-6.9363819,-2,20.3
0.0959040959040959,0.61688254,24.217049,46.232036,0.18,29.999995,10,2,0.0020000194,0.0027264564,0.1,1.5,1.11022302462517e-13,-0.350000045,-0.149999985,5.0000915,-20,-4.0757408,-2,20.3
0.0969030969030969,0.61106971,23.942789,45.777409,0.18,29.999959,10,2,0.0020000389,0.0031500903,0.099999998,1.5,1.11022302462517e-13,-0.35000018,-0.14999999,2.1203711,-16.340919,-4.4991088,-2,20.3
0.0979020979020979,0.63087371,23.456606,45.396676,0.18,29.999998,10,2,0.0020000363,0.0029787305,0.1,1.5,1.11022302462517e-13,-0.350000005,-0.149999995,1.0717555,-13.93383,-3.3340251,-2,20.3
0.0989010989010989,0.65535153,23.261185,44.867034,0.18,29.999993,10,2,0.0020000301,0.0034116905,0.1,1.5,1.11022302462517e-13,-0.350000015,-0.149999995,2.4185747e-14,-10.258545,-2.215035,-2,20.3
0.0999000999000999,0.65216933,23.10953,44.852006,0.18,30,10,2,0.0020000001,0.002595553,0.1,1.5,1.11022302462517e-13,-0.35,-0.15,2.2245621e-14,-11.497601,-2.6281405,-2,20.3
0.100899100899101,0.65156328,23.3358,44.921079,0.18,29.999997,10,2,0.0020000205,0.0027877577,0.1,1.5,1.11022302462517e-13,-0.35,-0.15,3.7740174e-10,-10.347132,-2.0634591,-2,20.3
0.101898101898102,0.64876783,23.218527,44.809809,0.18,30,10,2,0.0020000001,0.00295713,0.1,1.5,1.11022302462517e-13,-0.35,-0.15,2.2205492e-14,-10.806685,-3.4178856,-2,20.3
0.102897102897103,0.65378404,23.122395,44.718832,0.18,29.999992,10,2,0.0020000514,0.0033435508,0.1,1.5,1.11022302462517e-13,-0.35000001,-0.15,2.2219078e-14,-9.5616835,-2.7986817,-2,20.3
0.103896103896104,0.65350867,23.254381,44.840976,0.18,29.999856,9.999986,1.9999992,0.0020042003,0.0021813678,0.099999678,1.499998,3.25139914992781e-11,-0.350009085,-0.150000025,2.697834e-09,-8.7689514,-2.6659196,-2,20.3
0.104895104895105,0.65894455,23.469844,44.822109,0.18,29.999993,10,2,0.0020000828,0.0033744887,0.1,1.5,1.11022302462517e-13,-0.350000015,-0.150000005,2.2746278e-14,-8.57549,-2.2228537,-2,20.3
0.105894105894106,0.66449071,23.681045,44.774702,0.18,30,10,2,0.002,0.0025782842,0.1,1.5,1.11022302462517e-13,-0.35,-0.15,2.220446e-14,-6.5837604,-1.2131993,-2,20.3
0.106893106893107,0.66546284,23.820556,44.801895,0.18,29.99998,10,2,0.0020002739,0.0033280042,0.1,1.5,1.11022302462517e-13,-0.350000025,-0.150000005,3.6505107e-13,-4.1082161,-0.45916212,-2,20.3
0.107892107892108,0.6587699,23.940696,44.844719,0.18,29.999983,10,2,0.0020002135,0.0034157575,0.1,1.5,1.11022302462517e-13,-0.35000003,-0.15,4.0556988e-13,-3.5118506,0.71937022,-2,20.3
0.108891108891109,0.6528921,23.907293,44.850305,0.18,29.999976,10,2,0.0020000527,0.0032979649,0.1,1.5,1.11022302462517e-13,-0.350000015,-0.149999995,4.2074741e-11,-1.185715,1.6007703,-2,20.3
0.10989010989011,0.647307,23.828055,45.031599,0.18,30,10,2,0.0020000169,0.0029763496,0.1,1.5,1.11022302462517e-13,-0.35,-0.15,2.3741708e-14,-0.21344917,2.4064018,-2,20.3
0.110889110889111,0.61537413,24.414813,46.146881,0.18,29.994705,9.9999971,1.9999944,0.002011239,0.0019999631,0.099999801,1.5,1.11022302462517e-13,-0.35002265,-0.14999568,8.4797323,-14.96477,1.503297,-1.9999971,20.3
0.111888111888112,0.60256361,24.737106,46.409177,0.18,29.999866,9.9999998,1.9999998,0.0020018145,0.0030881144,0.099999995,1.5,1.11022302462517e-13,-0.35000162,-0.14999941,8.4748662,-11.19715,2.3891622,-1.9999987,20.3
0.112887112887113,0.60302175,24.552938,46.326594,0.18,29.999996,10,2,0.0020002567,0.0024695169,0.1,1.5,1.11022302462517e-13,-0.350000025,-0.150000005,4.7355824,-7.0800364,1.0383573,-2,20.3
0.113886113886114,0.59927607,24.639329,46.404098,0.18,29.999743,9.9999999,1.9999999,0.0020014557,0.0030253201,0.099999997,1.5,1.11022302462517e-13,-0.350001085,-0.149999635,5.3297919,-13.022699,-0.43157579,-1.9999999,20.3
0.114885114885115,0.63436389,23.750657,45.110312,0.18,29.998509,10,2,0.0020012838,0.002,0.1,1.5,1.11022302462517e-13,-0.350000605,-0.149999685,2.2940207e-14,2.6839258,1.49191,-2,20.3
0.115884115884116,0.6424511,23.227329,44.65523,0.18,30,10,2,0.0020000001,0.0027371474,0.1,1.5,1.11022302462517e-13,-0.35,-0.15,2.220446e-14,7.241871,1.8360474,-2,20.3
0.116883116883117,0.64970479,23.449349,44.477216,0.18,29.992389,9.9999978,1.9999998,0.0020025961,0.001995515,0.099999921,1.4999996,2.41473507855977e-13,-0.35004411,-0.14999564,8.8380951e-12,9.0774078,2.6213515,-2,20.3
0.117882117882118,0.66065942,23.184493,44.348575,0.18,30,10,2,0.002,0.0024904901,0.1,1.5,1.11022302462517e-13,-0.35,-0.15,2.220446e-14,8.0447618,1.0419916,-2,20.3
0.118881118881119,0.67517434,22.919736,44.162538,0.18,29.994155,10,2,0.0020002738,0.0019999834,0.099999997,1.5,1.11022302462517e-13,-0.3500039,-0.14999866,2.3027135e-14,7.6176963,-0.13089857,-2,20.3
0.11988011988012,0.68673419,22.869851,44.06004,0.18,29.995547,10,2,0.0020072626,0.0019999971,0.099999999,1.5,1.11022302462517e-13,-0.35000373,-0.14999704,2.4003862e-14,7.6776822,-0.87312423,-2,20.3
0.120879120879121,0.69445935,22.803926,44.062594,0.18,29.999984,10,2,0.0020000167,0.0033013488,0.1,1.5,1.11022302462517e-13,-0.35,-0.15,2.220446e-14,6.1677527,-1.552727,-2,20.3
0.121878121878122,0.70560971,22.996386,44.20469,0.18,29.999927,10,2,0.002000405,0.0019999998,0.1,1.5,1.11022302462517e-13,-0.35000005,-0.14999996,2.2883867e-14,5.5190908,-1.0554566,-2,20.3
0.122877122877123,0.68894683,22.990018,44.393173,0.18,29.999947,10,2,0.0020000265,0.0033319581,0.1,1.5,1.11022302462517e-13,-0.35000001,-0.15,2.2204467e-14,5.1091696,-1.3519789,-2,20.3
0.123876123876124,0.80195355,22.914581,51.555618,0.23217405,91.290707,13.165815,1.7898922,2.2308942e-14,0.14575695,2.227901e-14,2.7236826,0.463145278659012,0.05473227,-0.20307159,15.733244,-20,3.7620804,-2,20.3
0.124875124875125,0.74390622,22.426145,51.138345,0.30227766,51.237441,15.330555,2.1058441,2.9402796e-08,0.096046245,1.7071289e-12,2.2549308,0.364283082514054,-0.06001382,-0.21006883,15.617216,-12.654463,-6.8408492,2,20.3
0.125874125874126,0.7702415,22.638829,50.958355,0.35240641,45.842788,13.991133,2.0954389,1.0966337e-10,0.093288668,5.9070515e-13,2.3921139,0.399838405357178,-0.048706735,-0.198016795,14.513067,-12.399938,-6.8350812,2,20.3
0.126873126873127,0.9,23.93303,49.990176,0.51651126,47.521848,12.430795,1.7813137,1.220987e-09,0.10349294,4.7911155e-08,2.6293545,0.441942487561217,0.333831405,-0.165074295,40,-19.999871,9.3117556,2,20.3
0.127872127872128,0.9,21.847891,49.433958,0.48524799,59.333973,15.410122,1.9212208,1.2334396e-09,0.10963985,1.840147e-09,2.6703412,0.439891985651002,0.2935901415,-0.1971589285,16.454204,-20,-1.3374751,2,20.3
0.128871128871129,0.81016586,23.632703,50.827345,0.18217101,61.090089,13.953951,1.7161099,2.220446e-14,0.12663693,2.2391241e-14,2.3298549,0.26463778744687,-0.079227825,-0.208857605,2.2313904e-14,-20,-10,-2,20.3
0.12987012987013,0.7422439,25.291153,48.799195,0.18,50.587358,8.4792881,1.8578782,0.0012048153,0.0073018869,2.2237199e-14,1.6767727,0.0878456004571463,-0.43972458,-0.16542085,5.1050376,-20,-10,-2,20.3
0.130869130869131,0.6945802,25.683998,49.19073,0.18,39.510863,2.2404779e-14,1.6622925,0.0018798927,2.0830874e-10,2.2239327e-14,1.6334468,0.0554083829674265,-0.320463705,-0.150203115,29.750633,-20,0.69070589,-2,20.3
0.131868131868132,0.67422795,27.050902,49.190921,0.18,2.845473,7.7775689e-09,3.158133e-08,0.001339844,4.7280306e-09,2.8930125e-09,1.9061834,0.0424030723529964,-0.1011050405,-0.1506046795,39.999999,-20,9.9999986,0.3625374,20.3
0.132867132867133,0.54710222,29.339141,43.797087,0.18,1.1920694e-10,1.7948344e-13,8.2112034e-12,6.3014145e-09,0.0049474279,3.1959328e-13,1.7256798,0.0165208829207119,-0.247192322,-0.169199708,34.668249,-20,9.9999999,-2,20.3
0.133866133866134,0.58840799,27.242005,42.261206,0.18,29.993331,9.9992549,1.9999995,0.002006226,0.0019999964,0.099999977,1.5,1.11022302462517e-13,-0.35000003,-0.14999998,16.057759,20,10,2,20.3
0.134865134865135,0.55319121,25.290221,42.73077,0.18,29.993974,9.999695,1.9999813,0.0020003027,0.0019999744,0.099999869,1.5,1.11577413974829e-13,-0.3500049,-0.14999948,5.1421841,18.219806,9.881309,1.5611245,20.3
0.135864135864136,0.70641113,20,40,0.18,29.999998,10,2,0.0020000017,0.0030012059,0.1,1.5,1.11022302462517e-13,-0.35,-0.15,2.2204494e-14,20,-0.79639773,-2,20.3
0.136863136863137,0.60982938,24.086754,42.169965,0.18,29.999984,9.9999998,2,0.002,0.0022289364,0.1,1.5,1.11022302462517e-13,-0.35,-0.15,2.758134,20,10,2,20.3
0.137862137862138,0.52146584,22.939654,44.350684,0.18,38.356435,6.2942798,1.9191862,0.001618001,0.050686333,0.00059203742,1.5087704,0.0480274821269701,-0.300870115,-0.159369445,0.047686383,-20,-8.8556528,-1.9999998,20.3
0.138861138861139,0.59740442,21.445046,43.925542,0.18,29.999611,10,2,0.0020000451,0.003000796,0.099999999,1.5,1.11022302462517e-13,-0.350000325,-0.149999915,9.4596887e-13,2.7669068,-3.853056,-2,20.3
0.13986013986014,0.6483031,20.409989,40.474718,0.18,29.997912,10,2,0.0020000964,0.0033615273,0.099999999,1.5,1.38222766565834e-13,-0.350000105,-0.149999995,2.2205237e-14,20,-2.678985,-2,20.3
0.140859140859141,0.64234977,20.000003,46.602876,0.18,72.346513,17.949317,2.2634925,0.0027441474,0.094244789,1.6232181e-06,1.3628035,0.610774836938812,-1,0,2.0831695,-19.999999,-6.1785462,-1.9999971,20.3
0.141858141858142,0.9,20,52.878781,0.24136189,95.225517,24.489544,2.4062229,2.6500267e-09,0.095084165,1.6119293e-11,2.3614903,0.479819501164853,-0.19010717,0.07191056,39.524972,-20,9.9999056,1.9999052,20.3
0.142857142857143,0.89999998,20,54.941737,0.31425579,107.27632,23.680503,2.375099,1.2128548e-11,0.0903728,1.1416508e-09,2.6801468,0.464918137137029,-0.0325299205,0.0064204025,40,-20,10,2,20.3
0.143856143856144,0.62908235,20,56.958067,0.3588989,84.925469,19.630077,2.3101492,2.2205845e-14,0.075532429,2.2356578e-14,2.3406933,1.3852478584458,-0.740876075,-0.232553355,18.602852,-20,8.6213433,1.9999984,20.3
0.144855144855145,0.73685523,20.806975,46.45319,0.28758992,73.225458,8.5352197,1.7889433,6.5093845e-12,0.098917553,1.1605165e-12,2.1279999,0.308415361074884,0.01604859,-0.20654497,12.415474,-20,-4.2381785,-2,20.3
0.145854145854146,0.84689265,20,53.819793,0.42804283,106.44357,22.451262,2.0996909,8.3263435e-14,0.13950826,2.2314471e-14,3.3616551,0.86216271336052,-0.035054521,-0.043608638,5.8423907,-20,8.4965951,-1.9999971,20.3
0.146853146853147,0.86626392,20,60.372733,0.44714603,120,27.459593,2.3760995,9.5686596e-11,0.16758388,1.9603598e-12,3.5,0.917230023743336,0.362460325,-0.013087475,18.195763,-20,10,-2,20.3
0.147852147852148,0.9,20,56.031786,0.3187083,120,30.077764,2.703931,1.607216e-11,0.13286411,8.7119255e-13,3.3365398,0.728810273002179,0.16008635,0.05107894,21.963143,-20,10,-1.9999997,20.3
0.148851148851149,0.75934145,20.000004,51.502645,0.1814703,65.077497,12.185149,1.9351683,1.070876e-11,0.12242771,1.46108e-10,2.0537962,0.264483796252489,-0.382662135,-0.179751665,6.5259975,-19.999999,-9.9999999,-2,20.3
0.14985014985015,0.84717916,20,51.522282,0.35217647,82.345212,18.615651,2.2835829,0.00015830405,0.1186417,7.8219642e-10,1.8346305,0.948214885512906,-0.926295955,-0.073704045,0.062764239,-20,-4.5198164,-1.9994803,20.3
0.150849150849151,0.89901004,20.001206,54.133206,0.37075212,92.753094,22.311084,2.4263241,5.3494808e-07,0.13289712,1.9164406e-06,2.4039965,0.918721421955316,-0.69206511,-0.3075782,2.3768703e-06,-19.999998,0.17449808,-1.9999998,20.3
0.151848151848152,0.89999798,20,57.121402,0.37746874,112.19149,26.867568,2.5847461,1.4832825e-08,0.14961659,1.3586968e-10,3.0089262,0.77977565101192,-0.346768475,-0.054897505,3.1983961e-07,-20,7.9359475,-1.9956016,20.3
0.152847152847153,0.9,20,57.817072,0.37960443,116.49457,27.661406,2.6001042,3.7139505e-12,0.15126175,3.797741e-14,3.1215094,0.725463958185302,-0.23075968,-0.01754755,1.8060836e-12,-20,8.7897654,-0.7059938,20.3
0.153846153846154,0.9,20,58.570241,0.38183738,119.99999,28.21592,2.6277108,3.9891669e-10,0.1533658,6.0253647e-14,3.1846056,0.730095082997203,-0.181873395,-0.005302495,4.9955747e-11,-20,9.9999998,-1.1499777,20.3
0.154845154845155,0.9,20,57.837013,0.38012223,118.6047,27.464309,2.5796132,6.126911e-11,0.14942473,3.4575174e-14,3.1076722,0.694287987091776,-0.159793895,-0.021185175,1.8830159e-12,-20,9.9992762,1.8864069,20.3
0.155844155844156,0.9,20,59.074254,0.38506689,119.99995,28.015112,2.6009702,7.9620262e-08,0.14963145,2.7315198e-11,3.2033291,0.67335889880843,-0.0429466605,-0.0072401485,2.0116318e-05,-20,9.9999959,2,20.3
0.156843156843157,0.89999998,20,58.558318,0.38097886,120,27.65518,2.592396,6.4943345e-14,0.14950386,6.1852513e-09,3.1229218,0.681981348056685,-0.1167712285,-0.0228362715,3.7569152e-09,-20,9.9960435,-0.060839235,20.3
0.157842157842158,0.89999982,20,59.261299,0.37590023,119.99999,28.494709,2.6563978,7.0427685e-10,0.14797637,1.0272004e-12,3.1573358,0.607884070961551,0.097604852,-0.001667855,6.2333531,-20,10,-1.677661,20.3
0.158841158841159,0.89999995,20,59.272637,0.37899296,119.99942,28.664733,2.6542163,6.5178539e-11,0.14769184,7.2926764e-13,3.1545124,0.617244136166277,0.10860871,-0.00313295,2.7880372,-20,9.9999998,-0.54827633,20.3
0.15984015984016,0.89999892,20,59.338182,0.37528115,120,29.480965,2.7123517,1.4149472e-09,0.15305865,1.0637412e-11,3.1948784,0.591025554838185,0.220044595,-0.011002565,0.088505908,-20,9.9999996,-1.9996737,20.3
0.160839160839161,0.89999996,20,58.241623,0.38604134,119.82308,28.082925,2.599638,5.3974997e-07,0.15040959,3.0439327e-10,3.1940782,0.594696794702716,0.0950654475,-0.0476527525,2.7442168e-06,-20,8.8384419,1.9997738,20.3
0.161838161838162,0.9,20,56.810602,0.38653438,112.72935,26.676083,2.5324073,3.4101052e-12,0.14563601,3.8998039e-14,3.0123398,0.579345523207024,0.016609126,-0.072716783,0.00018213978,-20,5.1594797,1.9999869,20.3
0.162837162837163,0.9,20,56.908445,0.38505209,109.47088,27.144303,2.5692108,4.7064215e-10,0.14497571,2.3933401e-13,2.9871779,0.633611933047457,-0.0690912966,-0.0706300134,2.6080326e-14,-20,4.7431003,1.999108,20.3
0.163836163836164,0.89998813,20,55.668673,0.39322744,99.672506,25.001844,2.4698902,1.8372357e-08,0.14134948,1.4299847e-09,2.8022109,0.704011551851569,-0.233231775,-0.141047175,1.6656333e-08,-20,3.6767534,2,20.3
0.164835164835165,0.89999627,20,55.568837,0.38663992,99.969889,24.170094,2.4658861,3.9635021e-07,0.13567131,2.4798195e-11,2.6534149,0.767495943801621,-0.393559755,-0.189255335,0.00027151357,-20,5.458636,1.9999802,20.3
0.165834165834166,0.89588742,20,56.014843,0.38045924,101.59837,23.753534,2.4618571,2.783323e-08,0.13839387,1.9019409e-13,2.6167069,0.803719294047553,-0.477734675,-0.218834825,6.0680079e-10,-20,7.2666911,1.9999939,20.3
0.166833166833167,0.89467131,20,56.162058,0.38190897,101.80133,23.730819,2.4545671,4.8404329e-09,0.13873374,5.3773973e-14,2.6263877,0.788763003146058,-0.44433582,-0.20818704,0.00031935808,-20,6.9466914,1.9999971,20.3
0.167832167832168,0.89640502,20,55.982742,0.37922896,102.79385,23.820832,2.4527375,4.6661572e-09,0.1383084,3.6172564e-13,2.6222501,0.75947970996737,-0.41969427,-0.20623459,4.7050507e-09,-20,6.0461709,0.76083018,20.3
0.168831168831169,0.88895759,20,55.617449,0.38198758,98.992003,23.153949,2.4214458,5.4175589e-07,0.13777911,8.9939045e-10,2.5901753,0.753732660923896,-0.42957692,-0.22287615,3.3447634e-05,-19.999997,4.6078157,1.6269247,20.3
0.16983016983017,0.89931184,20,55.167708,0.37811243,102.21739,24.047196,2.4527842,2.9398082e-08,0.14251323,6.0000274e-11,2.6630798,0.679191514628382,-0.329612955,-0.207537435,2.7350974e-05,-20,2.7075283,-1.9989709,20.3
0.170829170829171,0.89997308,20,55.319451,0.37169202,106.63166,24.546864,2.4671599,3.4156727e-05,0.14666155,4.3524419e-08,2.6778231,0.620130811141474,-0.2582514635,-0.2015003465,0.0002465492,-20,2.5350513,-1.9994062,20.3
0.171828171828172,0.9,20,58.991471,0.37459058,120,28.453121,2.6525207,8.5885226e-10,0.1568661,2.6453666e-13,3.1247403,0.604405586295368,0.097410244,-0.045981786,0.57835809,-20,9.9999999,-2,20.3
0.172827172827173,0.9,20,59.750135,0.37296311,120,29.600682,2.7120738,8.2797107e-12,0.16188362,1.5500068e-10,3.1860104,0.578265234718867,0.28708934,-0.03569888,0.00042215733,-20,10,-1.9999988,20.3
0.173826173826174,0.87198702,20,54.551565,0.40105637,90.66257,21.188322,2.3367252,2.6975314e-06,0.10985367,1.2266876e-08,2.3675388,0.789009654361156,-0.518823895,-0.265534025,14.965374,-19.999998,8.0961926,2,20.3
0.174825174825175,0.6465842,20,54.949915,0.26718143,64.048371,15.036293,2.1639918,2.9909189e-08,0.034543128,0.36035387,1.7606018,0.338369711853829,-0.32636647,-0.19437523,40,15.921006,10,2,20.3
0.175824175824176,0.76141531,21.159444,52.653744,0.20699718,46.673254,9.1840055,1.9760401,3.9722981e-08,0.069250447,0.023495853,1.9358418,0.204140087275298,0.03390847,-0.1926724,40,14.480447,10,2,20.3
0.176823176823177,0.75173119,23.469028,50.076335,0.18,33.191861,1.9049865,1.6421746,0.000782771,0.063950796,0.0074529332,1.6029777,0.129454717385573,-0.1317338755,-0.1755620445,40,-2.5831997,9.9999995,0.75547129,20.3
0.177822177822178,0.77691229,23.474663,49.331724,0.18,29.184176,8.0310619,1.9494045,0.0018316534,2.2268369e-14,0.092098876,1.5130925,0.00859792118940002,-0.35229902,-0.14353639,40,-16.265918,10,2,20.3
0.178821178821179,0.7619519,24.135569,51.891166,0.18535797,40.977839,0.16556737,1.5249458,0.00028080322,0.053940459,0.013881491,1.7486178,0.164220291301861,-0.02219011,-0.18692503,40,-14.732876,10,1.4213181,20.3
0.17982017982018,0.80626515,23.235257,49.797311,0.23807297,42.311909,2.7969003,1.3438036,3.061852e-07,0.07131449,2.1793155e-11,1.8628218,0.188314261843877,0.10760834,-0.21982548,39.999999,-20,9.8357791,-2,20.3
0.180819180819181,0.9,20.238517,50.583405,0.33654833,71.479493,13.846028,1.6853285,2.381799e-14,0.11566426,2.5132044e-14,2.9407382,0.295735808679,0.624084205,-0.260247935,9.0691564,-20,-7.3388178,-0.054190181,20.3
0.181818181818182,0.9,22.620934,54.894866,0.32721539,99.277625,6.6543233,1.2861238,8.6870893e-14,0.12255882,6.5554182e-14,3.5,0.383039134018279,0.906496715,-0.093498815,25.028336,-20,1.4054311,-2,20.3
0.182817182817183,0.89758001,29.611107,55.192682,0.22119891,84.902959,3.5745674e-07,4.7059364e-08,4.6743945e-05,0.10714634,3.514651e-06,3.4999996,0.300175448123455,0.83840164,-0.14973541,39.999993,-19.991787,9.9999906,-1.9999926,20.3
0.183816183816184,0.9,34.759971,52.363038,0.18,51.024685,2.2818561e-14,2.235683e-14,2.2569771e-14,0.010436737,2.2221295e-14,3.5,0.131693295659836,0.999999995,-5.0000000251238e-09,40,-20,-8.5932852,-2,20.3
0.184815184815185,0.9,32.019009,49.374284,0.18,42.383488,2.9804841e-12,2.8193092e-14,3.9464923e-14,0.0077425793,1.553094e-11,3.4950353,0.0953233980328268,0.92692834,-0.0730243,40,-20,-9.9997248,-2,20.3
0.185814185814186,0.77730674,20,51.260515,0.24742014,62.244672,10.603174,1.9236568,1.2816948e-07,0.093893156,6.9964779e-09,1.8763738,0.215722723807732,-0.027610305,-0.215293145,15.53154,-19.999998,-1.1825376,1.9999999,20.3
0.186813186813187,0.85743116,34.729473,51.242933,0.18,21.319758,8.2645679e-14,1.3734427e-13,1.4545759e-12,0.0045271731,2.311237e-14,3.4999994,0.115516437434367,0.734020215,-0.265881785,40,-20,5.9650168,-2,20.3
0.187812187812188,0.9,31.129261,52.73547,0.18,77.85756,2.8470367e-14,3.3300934e-14,2.2232919e-14,0.043877441,4.6185329e-14,3.5,0.164438573737912,0.9999998,1.49999999976558e-07,40,-20,-10,-2,20.3
0.188811188811189,0.9,29.868251,54.096898,0.18,29.999144,9.9999683,1.9999977,0.002,0.0019999999,0.1,1.5000197,1.11022302462517e-13,-0.35000213,-0.14999801,2.220446e-14,-20,-10,-2,20.3
0.18981018981019,0.9,24.505765,50.324415,0.18,29.999865,9.9999998,2,0.002,0.002,0.1,1.5,1.11022302462517e-13,-0.35000268,-0.1499977,2.220446e-14,-11.736501,-10,-2,20.3
0.190809190809191,0.9,22.280441,48.684237,0.18,29.999436,10,1.9999997,0.002,0.002,0.1,1.5000185,1.11022302462517e-13,-0.350006595,-0.149995305,2.220592e-14,17.366832,-10,-2,20.3
0.191808191808192,0.9,22.27428,46.888136,0.18,29.998769,10,2,0.002,0.002,0.1,1.500002,1.11022302462517e-13,-0.3500185,-0.14999196,2.2204721e-14,-11.705535,-10,-2,20.3
0.192807192807193,0.9,20.750782,45.027402,0.18,30,10,2,0.0020005659,0.0022745087,0.1,1.5000004,1.11022302462517e-13,-0.35,-0.15,1.5811992e-12,19.999999,-10,-2,20.3
0.193806193806194,0.9,21.144868,46.368183,0.18,29.998629,9.9999997,2,0.0020000946,0.0027712408,0.099999986,1.5000002,1.1601830607333e-13,-0.350108345,-0.149952745,2.2271604e-14,20,-10,-2,20.3
0.194805194805195,0.9,21.950131,46.206345,0.18,30,10,2,0.0020000004,0.0024583264,0.1,1.5,1.11022302462517e-13,-0.35,-0.15,2.2206905e-14,20,-10,-2,20.3
0.195804195804196,0.81696267,27.074802,49.497351,0.18,37.813727,3.9712075e-14,2.2685265e-14,1.3234118e-11,0.028336796,2.2530765e-14,2.1098097,0.107552325606706,0.1319217825,-0.1827074175,40,-20,1.3698003,-2,20.3
0.196803196803197,0.87423063,35.951359,51.973915,0.18,22.808607,2.227063e-14,2.2361655e-14,2.238987e-14,0.0024844159,2.2240155e-14,3.5,0.119538720651097,0.784141295,-0.215857815,40,-20,5.8393397,-2,20.3
0.197802197802198,0.8634289,27.664255,53.271142,0.22484942,65.189593,3.9487722e-14,3.9495071e-14,4.0761576e-14,0.095141212,3.9483549e-14,3.4882366,0.233448211055716,0.6239347,-0.30198311,40,-20,7.3053014,-2,20.3
0.198801198801199,0.87410234,20,54.572188,0.38930469,101.34073,20.481208,2.2606289,4.1401683e-12,0.12361113,2.2531428e-14,2.6466613,0.582752284219218,-0.15401625,-0.20950436,23.284678,-20,8.2001598,1.9812961,20.3
0.1998001998002,0.85361322,20,57.429252,0.40332953,111.60691,20.993669,2.1890051,1.5650346e-09,0.1357788,4.1285687e-14,3.1920346,0.535285548076669,0.1851371395,-0.1565073605,16.77729,-20,9.6194758,1.9999711,20.3
0.200799200799201,0.70832886,20,64.745873,0.41188452,99.941954,26.127604,2.6007476,1.3760694e-07,0.083827229,1.8963105e-07,2.680587,1.4867945788637,-0.55593494,-0.06716287,23.796391,-20,10,2,20.3
0.201798201798202,0.9,20,58.037403,0.29885557,120,29.85689,2.6483165,2.2664077e-14,0.11824697,2.2751731e-14,3.1682557,0.53698282388795,0.786823025,-0.183654135,40,-20,10,1.5178439,20.3
0.202797202797203,0.77169981,20.000007,50.230513,0.21399911,44.883279,12.116776,1.9497915,0.00065642121,0.076420983,0.0055726282,1.8839061,0.265971711699786,-0.1296161225,-0.0541265175,36.246709,-13.047052,8.6144935,1.6467841,20.3
0.203796203796204,0.74574846,20,55.182714,0.21321728,76.668358,13.158992,2.1075966,1.1958e-05,0.040184247,0.76195653,1.3745833,0.413401866702371,-0.885605845,-0.114394155,40,-17.436788,10,2,20.3
0.204795204795205,0.70946091,20,53.6774,0.24748772,80.185546,14.108191,2.1350591,0.0027126046,0.044785147,0.71696506,1.2896927,0.389401983269667,-0.999999995,-5.0000000251238e-09,39.999993,-19.999999,9.9999988,2,20.3
0.205794205794206,0.71237542,20,53.602397,0.22258035,71.516128,13.05503,2.1012626,0.00070039971,0.036295516,0.63235163,1.3517332,0.403612389991869,-0.979766495,-0.020233505,40,-20,10,2,20.3
0.206793206793207,0.66779913,20,54.610832,0.18251096,70.388793,12.258948,2.0784237,0.0012125884,0.032446406,0.64192577,1.3769111,0.406552514932497,-0.999999995,5.0000000251238e-09,40,-17.426221,10,2,20.3
0.207792207792208,0.64479366,20,54.177046,0.18,74.011727,12.902227,2.0995477,0.0032423256,0.025223541,0.63039674,1.2759362,0.345681319550054,-1,0,40,-20,10,2,20.3
0.208791208791209,0.66027201,20,53.668196,0.18,76.829498,13.34106,2.1125732,0.0047876965,0.014011932,0.60685703,1.2713522,0.286581804505822,-0.999999995,-5.0000000251238e-09,40,-19.999997,10,2,20.3
0.20979020979021,0.65021989,20,53.579807,0.18,78.632667,13.368261,2.1135481,0.0056614305,0.0058735259,0.62649887,1.1974492,0.169623402819208,-1,0,40,-20,10,2,20.3
0.210789210789211,0.65613785,20,53.942528,0.18,79.156993,13.262253,2.1107062,0.0058172108,0.0030524677,0.65475087,1.1725967,0.165709151685168,-0.999999965,-1.50000000198602e-08,40,-20,10,2,20.3
0.211788211788212,0.68152303,20,54.738217,0.18,83.762851,13.153311,2.1072993,0.004776015,0.012292147,0.78932352,1.2349979,0.270656251044867,-1,0,40,-20,10,2,20.3
0.212787212787213,0.69788587,20,54.901308,0.18000021,82.335418,12.918929,2.1009556,0.0036916765,0.014797298,0.79700097,1.2815636,0.323790832956006,-0.999999735,-2.64999999999294e-07,40,-19.947765,9.9999995,2,20.3
0.213786213786214,0.73708589,20.000001,54.711609,0.18000001,81.864373,12.593357,2.0915523,0.0027718377,0.011871301,0.80280587,1.3449961,0.34113269026291,-0.999999995,-5.0000000251238e-09,39.999999,-13.699092,9.9999996,2,20.3
0.214785214785215,0.71583885,20.000003,54.918763,0.18,81.231006,12.512846,2.0897232,0.0020984222,0.018812585,0.82225319,1.3095095,0.344808308084208,-0.999998925,8.65000000016547e-07,39.999997,-14.318833,9.9999968,2,20.3
0.215784215784216,0.67651322,20,54.093095,0.18000001,78.920018,13.10729,2.1072011,0.0038617819,0.020444126,0.665694,1.2784351,0.273135178296685,-1,0,40,-19.999896,9.9999998,2,20.3
0.216783216783217,0.63509986,20,54.928936,0.18330958,78.675078,12.995085,2.1047092,0.0028013555,0.030884463,0.71213845,1.2581121,0.290960922336554,-0.99999992,-8.00000000134027e-08,40,-19.999389,10,2,20.3
0.217782217782218,0.6235179,20,54.428733,0.18000003,80.127457,13.33896,2.1141755,0.0045005193,0.024558019,0.66960965,1.2132891,0.229900592742073,-0.999999995,-5.0000000251238e-09,40,-19.999967,9.9999999,2,20.3
0.218781218781219,0.65854327,20,53.98252,0.21066223,81.276719,14.003538,2.1329605,0.0036583024,0.045847146,0.59153529,1.289904,0.394713226487088,-1,0,40,-20,10,2,20.3
0.21978021978022,0.68176403,20,54.281919,0.20973313,79.473357,13.624349,2.1225065,0.0027895629,0.039854732,0.60189794,1.323344,0.453414536807491,-0.999999975,-2.50000000145967e-08,39.999986,-20,9.9999998,2,20.3
0.220779220779221,0.68085775,20,54.71952,0.21859039,81.791503,13.59154,2.1205972,0.003022119,0.032886923,0.68947156,1.3004206,0.436125324550882,-0.999999995,-5.0000000251238e-09,40,-20,10,2,20.3
0.221778221778222,0.67719315,20,55.382463,0.18,80.080938,12.838612,2.0999096,0.0030193114,0.024577124,0.68017985,1.3541572,0.435543714102188,-1,0,40,-19.999993,10,2,20.3
0.222777222777223,0.69882006,20.000002,54.749195,0.18000001,83.588527,13.07611,2.1064998,0.0062119867,0.0039670358,0.76664543,1.2631654,0.287867854734562,-0.999999095,-8.8500000000602e-07,39.999994,-19.999998,9.9999961,2,20.3
0.223776223776224,0.73392981,20,54.093502,0.18,85.061853,13.027143,2.1039511,0.0052228491,3.9505177e-14,0.89897937,1.1741888,0.208522836031546,-1,0,40,-18.68138,10,2,20.3
0.224775224775225,0.75202915,20,54.654251,0.18,85.843981,12.783624,2.0974854,0.0073124198,9.3459552e-07,0.88800812,1.2528917,0.281512629905931,-0.999999985,-1.50000000198602e-08,40,-11.528624,10,2,20.3
0.225774225774226,0.77167413,20,53.994111,0.18,84.866267,12.956421,2.1019994,0.0049149655,4.0580027e-11,0.86555218,1.2766796,0.2631714181909,-0.99999995,-4.99999999736822e-08,40,-14.049036,10,2,20.3
0.226773226773227,0.74810151,20,53.88009,0.18,86.578566,13.158405,2.1075463,0.0042517445,1.9848528e-13,0.98069597,1.1711634,0.230760004422192,-1,0,40,-11.177008,10,2,20.3
0.227772227772228,0.76260449,20,54.033607,0.18,85.410021,13.001241,2.1029861,0.0051306646,2.4615661e-14,0.92790743,1.2352508,0.274325665920018,-1,0,40,-8.3469727,10,2,20.3
0.228771228771229,0.74776043,20,54.104751,0.18,85.98137,13.076823,2.105361,0.0050170806,4.7340158e-11,0.97947264,1.1922556,0.265419024080605,-1,0,40,-9.0652859,10,2,20.3
0.22977022977023,0.74872345,20,54.715908,0.18,86.05077,13.016519,2.1035978,0.0095458996,1.8014406e-07,0.98054448,1.1918249,0.318930746534593,-0.999999995,-5.0000000251238e-09,40,-5.9884304,10,2,20.3
0.230769230769231,0.80338036,20.000002,55.579999,0.18000001,80.26166,12.066684,2.0786316,0.0045924554,0.0040448295,0.84115588,1.4708378,0.450636758456569,-1,0,39.999993,8.2571723,9.9999983,2,20.3
0.231768231768232,0.76762635,20.000001,55.84893,0.18,76.784087,11.988266,2.0767376,0.0031497595,0.0062327339,0.77146198,1.4885166,0.46742749024538,-0.99999999,9.99999999473644e-09,39.999999,4.7988583,9.9999996,2,20.3
0.232767232767233,0.748585,20.000001,55.119846,0.18,76.302137,12.738923,2.0969786,0.0051413263,0.0031588872,0.70577755,1.4148932,0.416138734316919,-0.999999875,-4.99999996961265e-09,39.999999,-0.44884113,9.9999986,2,20.3
0.233766233766234,0.71359637,20,56.281916,0.18,73.965593,12.19887,2.081373,0.0008410591,0.0095653776,0.73912186,1.4595496,0.427126468334365,-0.888826065,-0.111173935,40,2.7763965,10,2,20.3
0.234765234765235,0.71243857,20,56.04907,0.20877449,87.723574,15.137361,2.1465291,3.8165208e-08,0.046948238,0.33834779,1.8912597,0.48842597661107,-0.597407945,-0.194091675,40,-20,10,2,20.3
0.235764235764236,0.88936602,20,54.487885,0.32964323,102.46111,22.313266,2.3016369,2.1479783e-09,0.10937053,3.4730577e-14,2.8753746,0.683442999669671,-0.260722935,-0.116399655,40,-20,10,2,20.3
0.236763236763237,0.8685924,20,53.813401,0.38702485,92.257528,24.02639,2.4876584,1.5236789e-08,0.09655106,2.5571728e-09,2.6133422,1.07757213614862,-0.571690005,-0.150739485,19.565225,-20,10,2,20.3
0.237762237762238,0.84744038,20,61.686653,0.40674723,120,31.640157,2.6987244,4.9413451e-09,0.11304929,2.6607365e-14,3.4999941,0.885107872726839,0.0763068805,0.1143265495,23.170686,-20,10,2,20.3
0.238761238761239,0.9,20,55.726028,0.30335985,120,29.681614,2.5949981,7.563151e-11,0.12155544,2.5849946e-10,3.5,0.614946750107291,0.374607645,-0.006719155,20.185478,-20,10,2,20.3
0.23976023976024,0.9,20,55.7331,0.25411731,120,30.317072,2.6571146,2.2945474e-14,0.11232269,4.8266235e-13,3.4770811,0.474131495967163,0.772630165,-0.179812625,40,-20,10,2,20.3
0.240759240759241,0.71915751,20,54.717479,0.37305909,79.417754,19.436446,2.2164298,3.1717667e-10,0.099132988,4.8342984e-09,2.6753177,0.817155962710119,-0.491599545,-0.130151425,36.362827,-20,9.9999976,2,20.3
0.241758241758242,0.86489277,20,52.390401,0.35087135,98.178209,18.424044,2.0994613,1.0852766e-08,0.12141994,4.2248893e-11,2.7860723,0.494225386496285,-0.1732140925,-0.1583673275,12.791877,-20,0.2073093,-2,20.3
0.242757242757243,0.71208664,23.014164,49.572337,0.18,41.639483,2.3128799,1.7943019,0.0014981945,0.065584669,7.3735605e-11,1.6035872,0.368309692822856,-0.999754315,-0.000245684999999995,19.97063,-20,-4.9190297,-0.49880632,20.3
0.243756243756244,0.65225126,21.201564,51.19293,0.18,46.903663,6.4791634,1.9324169,0.00049128713,0.059514028,3.4301798e-10,1.8084333,0.343094899822637,-0.69568485,-0.14872542,26.496093,-19.999995,-0.64409785,2,20.3
0.244755244755245,0.6737296,22.298296,51.199107,0.18,48.16231,4.746791,1.8771403,0.00029309398,0.069588888,2.772321e-13,1.8135896,0.418395602912779,-0.808320635,-0.189700555,18.577804,-20,-4.7140271,2,20.3
0.245754245754246,0.67888969,22.093643,50.518212,0.18,48.784326,4.8496984,1.8751131,0.00044956773,0.07213354,3.4732771e-14,1.7437537,0.360716614400314,-0.798354775,-0.193517745,16.567156,-20,-6.4832209,-0.94059241,20.3
0.246753246753247,0.67273818,21.841214,49.591754,0.18,43.975539,3.8467837,1.8722039,0.0013225327,0.055187324,5.5361957e-10,1.6087211,0.258645041222083,-0.86292373,-0.13707627,16.544011,-20,-6.3374782,-1.9999902,20.3
0.247752247752248,0.65717983,21.575895,50.467873,0.18,45.87855,5.935611,1.9138397,0.0011735763,0.067216123,5.3471323e-09,1.6386413,0.38381170399174,-0.931490045,-0.068509955,16.967685,-20,-6.0132243,0.053087583,20.3
0.248751248751249,0.64074788,21.534916,50.955649,0.18000016,43.270361,8.8290051,1.9737811,0.0017944231,0.063676607,7.572138e-05,1.6286215,0.439855978250206,-0.999937875,-6.1935000000013e-05,14.817614,-19.552231,-7.3618212,1.9491172,20.3
0.24975024975025,0.63057667,20,51.82213,0.18,47.308887,10.069466,2.0058543,0.00083697442,0.05939781,1.3803503e-07,1.7199257,0.311844355989101,-0.762678505,-0.172296425,22.024643,-19.999929,-4.3174617,2,20.3
0.250749250749251,0.63842559,20,51.791366,0.18,50.816911,10.552934,2.0247866,0.0022280453,0.054570665,1.8631106e-12,1.589382,0.384472835527878,-1,0,26.661763,-20,-2.3624415,2,20.3
0.251748251748252,0.62176419,20.271322,51.99226,0.18,44.582501,9.338488,1.9602531,0.0012882859,0.043655249,1.2050922e-08,1.7548844,0.280047776624039,-0.824615285,-0.175139655,24.077921,-19.999992,-5.1070032,2,20.3
0.252747252747253,0.63002074,20,52.788199,0.18,48.480375,9.5325456,1.9588688,0.00043216526,0.065449379,4.7581718e-10,1.8471909,0.244180064102327,-0.522816085,-0.136483315,34.472458,-20,1.7258409,2,20.3
0.253746253746254,0.6376632,20,53.010229,0.20149373,53.009797,12.549553,2.0381305,7.2207051e-09,0.075221946,3.4597646e-09,1.8258297,0.25484663435347,-0.28485898,-0.17170527,33.570937,-19.999962,2.279499,2,20.3
0.254745254745255,0.63676681,20,52.732139,0.22077733,56.887368,13.705372,2.0864064,2.8090629e-05,0.069369893,9.4984633e-10,1.6970362,0.287442689859915,-0.39326062,-0.19547148,36.992054,-20,4.3317883,2,20.3
0.255744255744256,0.74908984,20,50.435719,0.31442389,67.679085,17.153751,2.235673,0.00036686596,0.084539763,5.8328645e-05,1.5940169,0.518659102399739,-0.654795175,-0.344865915,20.259861,-19.998507,-1.5538418,2,20.3
0.256743256743257,0.77205686,20,49.928025,0.3333863,70.007579,17.454971,2.2300759,1.0358631e-07,0.093666351,8.2889036e-09,1.6549662,0.539519347320363,-0.616067195,-0.380019815,13.826419,-20,-4.2460119,2,20.3
0.257742257742258,0.7784655,20,50.184591,0.31275638,70.739678,17.078866,2.1970684,2.7519336e-07,0.1056721,3.3535649e-08,1.7977771,0.607303261531168,-0.564771385,-0.334217525,6.5986912,-19.999999,-5.6604639,2,20.3
0.258741258741259,0.72473642,20,51.05296,0.2867887,64.961102,16.748485,2.1997292,5.3076243e-07,0.089829617,4.6207423e-09,1.7372657,0.464561683646015,-0.471003005,-0.273596535,20.032354,-19.999998,-2.0523227,2,20.3
0.25974025974026,0.61979099,20,53.177346,0.18774735,51.671924,12.216625,2.0687307,1.2447739e-06,0.072312226,1.8693728e-06,1.8269508,0.330233227595027,-0.37934705,-0.16819774,36.347855,-19.156652,5.3955683,2,20.3
0.260739260739261,0.68715901,20.433479,51.779345,0.18,51.179852,9.8256466,1.8938396,1.6028711e-07,0.094479571,5.6369635e-09,2.1061564,0.337442789100251,-0.45398937,-0.13960287,16.179524,-20,-4.7451633,-2,20.3
0.261738261738262,0.83073647,20,53.521163,0.29527031,94.104492,18.401146,2.1131267,6.8535843e-09,0.12953846,4.6263399e-09,3.0207818,0.440422856010203,0.0754854005,-0.1376796595,9.1874274,-20,-4.2811058,-1.9999993,20.3
0.262737262737263,0.6900876,25.414673,47.043182,0.18,34.283548,3.8507252,1.7944057,0.0018290883,0.017144424,2.2340483e-14,1.557608,0.0350677376295115,-0.435056035,-0.150808725,16.544814,-20,-2.5595747,-2,20.3
0.263736263736264,0.62103257,23.10325,44.692357,0.18,29.999752,10,2,0.0020002727,0.0022456343,0.1,1.5,1.11022302462517e-13,-0.35000234,-0.14999999,9.2735902e-08,2.9246323,1.5106062,-2,20.3
0.264735264735265,0.62138591,23.162858,44.70918,0.18,29.998059,10,2,0.0020003912,0.0023467533,0.099999998,1.5,1.11022302462517e-13,-0.35000552,-0.14999998,1.5699804e-06,3.2289043,1.9827056,-2,20.3
0.265734265734266,0.62012066,23.049118,44.825459,0.18,29.999669,10,2,0.0020001487,0.0033284812,0.1,1.5,1.11022302462517e-13,-0.350000255,-0.149999905,1.9389161e-10,3.2421714,1.0100503,-2,20.3
0.266733266733267,0.63080015,22.805924,44.925053,0.18,29.999746,10,2,0.0020000402,0.0030934621,0.1,1.5,1.11022302462517e-13,-0.350000185,-0.149999945,1.5440744e-10,2.4347371,0.64923552,-2,20.3
0.267732267732268,0.63376359,22.824105,45.247585,0.18,29.999875,10,2,0.0020000663,0.0030919045,0.1,1.5,1.11022302462517e-13,-0.35000014,-0.15000001,3.5190753e-14,-5.8746866,-1.1968509,-2,20.3
0.268731268731269,0.62753627,23.128705,45.269061,0.18,29.998589,10,2,0.0020002498,0.003110145,0.099999998,1.5,1.11022302462517e-13,-0.350001015,-0.149999945,2.3498914e-08,-10.372361,-2.6023192,-2,20.3
0.26973026973027,0.62237675,23.303945,45.281145,0.18,29.999989,10,2,0.0020015083,0.0024109556,0.1,1.5,1.11022302462517e-13,-0.350000005,-0.149999995,1.7793481e-06,-11.05512,-3.6830473,-2,20.3
0.270729270729271,0.61671869,23.716207,45.573723,0.18,30,10,2,0.0020000001,0.0024354408,0.1,1.5,1.11022302462517e-13,-0.35,-0.15,0.34596453,-20,-6.6955978,-2,20.3
0.271728271728272,0.64765332,23.2378,45.056551,0.18,30,10,2,0.0020000003,0.0029152241,0.1,1.5,1.11022302462517e-13,-0.35,-0.15,2.3528422e-12,-16.238426,-4.2665632,-2,20.3
0.272727272727273,0.66763688,22.994242,44.573833,0.18,29.99999,10,2,0.0020000065,0.003072969,0.1,1.5,1.11022302462517e-13,-0.35,-0.15,2.2208022e-14,-4.3056728,-1.8584909,-2,20.3
0.273726273726274,0.67242848,22.898502,44.524743,0.18,29.999997,10,2,0.0020000012,0.0029659331,0.1,1.5,1.11022302462517e-13,-0.35,-0.15,2.221268e-14,-3.9891296,-2.059466,-2,20.3
0.274725274725275,0.66454192,22.775329,44.46294,0.18,29.999995,10,2,0.0020000063,0.0032240443,0.1,1.5,1.11022302462517e-13,-0.35,-0.15,2.2396599e-14,-4.7542939,-3.3283725,-2,20.3
0.275724275724276,0.67799982,22.94632,44.084952,0.18,30,10,2,0.002,0.0025073852,0.1,1.5,1.11022302462517e-13,-0.35,-0.15,2.220446e-14,-3.9695392,-2.9061634,-2,20.3
0.276723276723277,0.67765503,23.184077,44.166445,0.18,30,10,2,0.002,0.002529988,0.1,1.5,1.11022302462517e-13,-0.35,-0.15,2.220446e-14,-4.5438189,-2.1165902,-2,20.3
0.277722277722278,0.67013247,23.313166,44.301443,0.18,29.999903,10,2,0.002000046,0.0026760523,0.1,1.5,1.11022302462517e-13,-0.35000004,-0.15000001,1.063577e-11,-6.1590189,-2.0018765,-2,20.3
0.278721278721279,0.659399,23.355814,44.520492,0.18,30,10,2,0.002,0.0024926834,0.1,1.5,1.11022302462517e-13,-0.35,-0.15,2.2204461e-14,-9.087697,-2.1712885,-2,20.3
0.27972027972028,0.6550631,23.481905,44.663036,0.18,29.999997,10,2,0.0020000131,0.0025072499,0.1,1.5,1.11022302462517e-13,-0.35000001,-0.15,1.9823615e-10,-10.320018,-2.2472598,-2,20.3
0.280719280719281,0.65273029,23.526771,44.802036,0.18,30,10,2,0.002,0.0028038845,0.1,1.5,1.11022302462517e-13,-0.35,-0.15,2.2208327e-14,-12.108888,-3.0799544,-2,20.3
0.281718281718282,0.61599385,23.29374,45.53016,0.18,29.999998,10,2,0.0020002378,0.0019999992,0.1,1.5,1.11577413974829e-13,-0.35000307,-0.15000003,0.001108196,-12.715798,-3.4049307,-2,20.3
0.282717282717283,0.60538365,23.310497,46.109263,0.18,30,10,2,0.0020000002,0.0026595475,0.1,1.5,1.11022302462517e-13,-0.35,-0.15,1.040285,-12.060169,-2.4631945,-2,20.3
0.283716283716284,0.6414457,22.953384,45.375276,0.18,29.996693,10,1.9999999,0.0020015814,0.0025468303,0.099999996,1.5,1.11022302462517e-13,-0.35000493,-0.14999842,7.7402618e-06,-13.498964,-3.4632812,-2,20.3
0.284715284715285,0.61681976,23.650847,45.816842,0.18,29.999993,10,2,0.0020095394,0.0022492473,0.1,1.5,1.11022302462517e-13,-0.35000007,-0.14999997,2.0768003,-17.757996,-4.1301496,-2,20.3
0.285714285714286,0.60053886,24.029335,45.878338,0.18,29.999968,10,2,0.0020000416,0.0025704463,0.099999997,1.5,1.11022302462517e-13,-0.350000215,-0.149999985,2.4893483,-18.358965,-4.7494988,-2,20.3
0.286713286713287,0.60726695,24.329831,45.97463,0.18,29.999966,9.9999998,1.9999998,0.0020001216,0.0029894395,0.099999981,1.5,1.11022302462517e-13,-0.350000545,-0.150000085,7.2000532,-19.138105,-2.3424977,-1.9999999,20.3
0.287712287712288,0.61093468,24.399474,45.915944,0.18,30,10,2,0.002000003,0.0024749454,0.1,1.5,1.11022302462517e-13,-0.350000005,-0.149999995,7.2516307,-18.822032,-1.8035467,-2,20.3
0.288711288711289,0.64243408,23.624553,45.154558,0.18,30,10,2,0.0020000001,0.0027646129,0.1,1.5,1.11022302462517e-13,-0.35,-0.15,2.467403e-14,-12.681221,-3.2808614,-2,20.3
0.28971028971029,0.66337753,23.128314,44.815679,0.18,30,10,2,0.0020000001,0.0027640899,0.1,1.5,1.11022302462517e-13,-0.35,-0.15,2.2217214e-14,-9.5653541,-2.5881879,-2,20.3
0.290709290709291,0.65721837,22.854684,44.834991,0.18,30,10,2,0.002,0.0024298972,0.1,1.5,1.11022302462517e-13,-0.35,-0.15,2.2204471e-14,-11.339341,-3.7421815,-2,20.3
0.291708291708292,0.662518,22.790775,44.717487,0.18,30,10,2,0.002,0.0026214924,0.1,1.5,1.11022302462517e-13,-0.35,-0.15,2.2204566e-14,-10.527631,-4.316336,-2,20.3
0.292707292707293,0.66534885,23.053366,44.614792,0.18,30,10,2,0.0020000002,0.002953378,0.1,1.5,1.11022302462517e-13,-0.35,-0.15,2.2204638e-14,-8.751039,-3.4382902,-2,20.3
0.293706293706294,0.66132429,23.229316,44.71984,0.18,30,10,2,0.002,0.0024468677,0.1,1.5,1.11022302462517e-13,-0.35,-0.15,2.220446e-14,-6.7596554,-2.0520117,-2,20.3
0.294705294705295,0.66812946,23.507882,44.544906,0.18,30,10,2,0.002,0.0028315866,0.1,1.5,1.11022302462517e-13,-0.35,-0.15,2.2204461e-14,-4.5122761,-1.3412173,-2,20.3
0.295704295704296,0.67162747,23.61235,44.653212,0.18,29.999273,9.9999283,1.9999961,0.0020146497,0.0019932754,0.099998669,1.4999912,9.51944079128533e-11,-0.350048825,-0.149999145,4.4283621e-09,-2.8737747,-0.12999084,-2,20.3
0.296703296703297,0.67667367,23.670228,44.659687,0.18,29.999994,10,2,0.0020002353,0.0029823129,0.1,1.5,1.11022302462517e-13,-0.35000001,-0.15,2.2720639e-14,0.56842704,2.1414891,-2,20.3
0.297702297702298,0.67161919,24.034733,44.756088,0.18,30,10,2,0.002,0.0025397646,0.1,1.5,1.11022302462517e-13,-0.35,-0.15,2.220446e-14,2.0891441,2.7805888,-2,20.3
0.298701298701299,0.65773817,24.003046,44.859001,0.18,30,10,2,0.0020000009,0.0025113612,0.1,1.5,1.11022302462517e-13,-0.35,-0.15,2.220446e-14,2.2800396,2.7744776,-2,20.3
0.2997002997003,0.64765669,24.087386,45.022651,0.18,29.999979,10,2,0.0020002286,0.0031804427,0.1,1.5,1.11022302462517e-13,-0.35000001,-0.15,8.6344551e-13,3.1250014,3.7595064,-2,20.3
0.300699300699301,0.64528442,23.903461,45.022725,0.18,30,10,2,0.0020000036,0.0024853156,0.1,1.5,1.11022302462517e-13,-0.35,-0.15,1.6826391e-10,3.1419084,3.2539169,-2,20.3
0.301698301698302,0.61880363,24.221972,46.260512,0.18,29.999991,10,2,0.0020001576,0.0019999994,0.099999999,1.5,1.11022302462517e-13,-0.3500001,-0.15,11.813074,-15.992372,2.3690465,-2,20.3
0.302697302697303,0.59956004,24.271983,46.66319,0.18,29.997536,9.99997,1.9999936,0.0020004709,0.0019938327,0.09999912,1.4999991,4.82225370746169e-12,-0.350016705,-0.150000855,14.144638,-18.809496,2.1886038,-1.9997383,20.3
0.303696303696304,0.59193505,24.445312,46.443082,0.18,29.999866,10,2,0.0020005619,0.0022391372,0.099999999,1.5,1.11022302462517e-13,-0.3500004,-0.14999995,6.0113761,-9.1920829,0.6554275,-1.9999989,20.3
0.304695304695305,0.59562436,24.722826,46.528667,0.18,29.999887,10,1.9999999,0.0020001907,0.0019999986,0.099999996,1.5,1.11022302462517e-13,-0.350000435,-0.150000035,7.1155602,-14.124469,-0.22715728,-2,20.3
0.305694305694306,0.64399195,23.469837,44.889185,0.18,29.999686,10,2,0.0020013619,0.0030311211,0.1,1.5,1.11022302462517e-13,-0.350000285,-0.149999835,2.7955543e-14,3.567934,1.4426149,-2,20.3
0.306693306693307,0.65568013,22.83784,44.492044,0.18,30,10,2,0.0020000009,0.002787451,0.1,1.5,1.11022302462517e-13,-0.35,-0.15,2.220446e-14,8.2692543,1.4579584,-2,20.3
0.307692307692308,0.65547433,22.960134,44.427594,0.18,30,10,2,0.0020000008,0.0027785094,0.1,1.5,1.11022302462517e-13,-0.35,-0.15,2.220446e-14,8.7270396,1.2432687,-2,20.3
0.308691308691309,0.66679929,23.103305,44.367,0.18,29.997904,10,2,0.0020000483,0.0019999999,0.1,1.5,1.11022302462517e-13,-0.350000105,-0.149999985,8.909252e-14,8.5781949,0.95733216,-2,20.3
0.30969030969031,0.69939578,23.230376,44.166025,0.18,30,10,2,0.002,0.0026024675,0.1,1.5,1.11022302462517e-13,-0.35,-0.15,2.220446e-14,8.8924843,-0.8785705,-2,20.3
0.310689310689311,0.86436634,20,52.517683,0.30927838,106.02076,21.163827,2.1111395,2.2575477e-14,0.15901813,2.2321353e-14,3.2244727,0.545929727577973,0.31308287,-0.18567104,4.2500032e-11,-20,2.0631987,-2,20.3
0.311688311688312,0.83109971,20.087746,49.540338,0.40445394,63.159169,20.083036,2.2937229,5.2275483e-09,0.10889956,8.8561969e-06,2.0808484,0.607614407099183,-0.270104867,-0.288751103,3.3263488,-19.9961,-9.99968,2,20.3
0.312687312687313,0.87045075,20,50.732944,0.42885703,61.589058,21.303824,2.3746412,1.1347808e-08,0.10539186,1.407397e-09,2.216771,0.718569523005352,-0.3340010425,-0.2706061175,12.178689,-20,-6.6977206,2,20.3
0.313686313686314,0.88428763,20,51.18425,0.439782,55.969433,21.902667,2.4276713,2.5706476e-14,0.1029757,2.9541233e-09,2.3526668,0.60807418820858,-0.1850634175,-0.2409366525,14.976088,-19.999998,-9.9086901,2,20.3
0.314685314685315,0.89865336,20.000057,51.235316,0.43567649,49.596293,21.513908,2.5136694,6.1190243e-05,0.10106128,0.004026932,2.5551277,0.581325834760745,-0.059549363,-0.054121407,13.324645,-19.594698,-8.8629554,1.9924463,20.3
0.315684315684316,0.9,20,50.966621,0.39682109,64.131073,22.958967,2.2846403,5.7535691e-11,0.11561704,3.193883e-14,2.7944003,0.429603398263228,0.2814999455,-0.2080041545,9.1005882e-07,-20,-10,2,20.3
0.316683316683317,0.83693449,20.922663,50.893426,0.34405381,57.727271,16.864326,1.9870785,2.634122e-09,0.10072574,1.2680615e-10,2.5996804,0.363228392209424,0.1845980775,-0.2252421725,27.62019,-19.999999,2.1435533,2,20.3
0.317682317682318,0.77214148,26.293158,51.362213,0.20316654,50.729047,2.3002359,1.419943,0.00072019473,0.084942866,0.00035507903,2.2335185,0.251160183340777,-0.061161944,-0.157726806,39.881713,-19.868924,9.9999762,-1.8875806,20.3
0.318681318681319,0.74903518,21.189357,52.212572,0.26730861,71.456207,8.858897,1.8133111,2.0981547e-08,0.10780862,5.1918926e-13,2.522906,0.248068223682518,0.2007668305,-0.2112169795,16.75872,-20,-2.27721,-2,20.3
0.31968031968032,0.79914347,21.845361,50.042119,0.34312394,81.675635,16.510961,2.2818557,2.0174655e-12,0.12114109,2.2439697e-14,2.2740838,0.396394481841705,0.1371149415,-0.2244865085,2.621598e-11,-20,-5.7256912,-2,20.3
0.320679320679321,0.81361561,22.496798,45.42304,0.37450631,77.34316,10.461203,2.0023175,5.5072584e-11,0.11693998,4.2008765e-14,2.0349323,0.375926151709345,0.113733255,-0.248447805,7.0120544e-09,-20,-6.4435763,-2,20.3
0.321678321678322,0.66681913,29.051111,49.590098,0.29429295,68.202419,7.6178311,1.8960073,1.1042385e-09,0.097726971,1.4430464e-12,1.7503328,0.414811663585885,-0.160031549,-0.201707511,40,-20,10,-2,20.3
0.322677322677323,0.5885162,28.422588,45.383577,0.18,31.333358,9.8123456,2.0001052,0.0019480413,5.6647919e-09,0.097994968,1.4996156,0.00440354159872066,-0.350264445,-0.148981275,10.940767,-14.672021,-3.2567412,-2,20.3
0.323676323676324,0.63377106,28.23934,43.409077,0.18,29.99999,9.9999972,2,0.0020000084,0.0020004452,0.1,1.5,1.11022302462517e-13,-0.35,-0.15,28.574593,15.107612,10,2,20.3
0.324675324675325,0.6393917,30.815304,40,0.18,30,10,2,0.002,0.0024544826,0.1,1.5,1.11022302462517e-13,-0.35,-0.15,18.627633,20,10,2,20.3
0.325674325674326,0.73079829,27.155566,40,0.18,30,10,2,0.0020000088,0.0032942529,0.1,1.5,1.11022302462517e-13,-0.35,-0.15,0.35133708,20,10,2,20.3
0.326673326673327,0.66306141,24.303171,40.917768,0.18,30,10,2,0.0020000003,0.0030592709,0.1,1.5,1.11022302462517e-13,-0.35,-0.15,2.2204461e-14,20,-7.0289996,-2,20.3
0.327672327672328,0.37393366,25.199691,46.479704,0.18,45.427787,1.2752711,1.9376666,0.0012964927,0.059842506,3.7783843e-11,1.4468817,0.158909393680061,-0.336465375,-0.164168605,19.677559,-19.999998,-0.05279366,-2,20.3
0.328671328671329,0.8808628,20,45.415746,0.18,54.545586,22.052966,2.4453752,0.0047987997,0.12912414,7.8916012e-14,1.4252669,0.182163261048888,-1,0,2.3941635e-14,-20,-10,-2,20.3
0.32967032967033,0.74903468,20,45.492054,0.18,43.364685,17.25527,2.240802,0.0029974578,0.04533192,1.6842849e-09,1.42824,0.128954707163656,-1,0,2.2448546e-14,-20,-10,-2,20.3
0.330669330669331,0.62073392,20,59.351798,0.3875621,79.277027,21.593738,2.3589999,6.3116925e-09,0.089917065,2.5096815e-14,2.513588,1.68724771014303,-0.663974645,-0.198066635,0.00142083,-20,7.1232455,2,20.3
0.331668331668332,0.74929116,22.056911,45.406923,0.27561739,75.476701,8.8818363,1.7379699,6.4751009e-11,0.1208503,2.220446e-14,2.1551222,0.411859078455191,-0.085437625,-0.216673365,4.3963,-20,-4.7934441,-2,20.3
0.332667332667333,0.52077265,20.000042,58.235868,0.42600276,69.024449,16.318645,2.1585945,2.2679427e-14,0.074666213,1.1188921e-11,2.04457,2.42332077756564,-0.869693215,-0.130306785,12.920041,-20,10,-0.35853653,20.3
0.333666333666334,0.9,20.52146,64.279886,0.38795145,120,31.240499,2.7183422,2.8558243e-14,0.16844225,2.9247902e-14,3.5,0.85143564935776,0.896180745,-0.103612395,36.970029,-20,10,-2,20.3
0.334665334665335,0.9,20,54.636213,0.30031884,117.79206,26.131945,2.4904518,7.1379637e-06,0.12218449,1.6043475e-07,3.0581504,0.468948367301027,0.176798685,0.00649501500000001,35.098827,-19.999722,9.9988557,-1.2782535,20.3
0.335664335664336,0.89940968,20.000005,51.179427,0.34358575,91.496129,19.91653,2.2903749,6.0599974e-05,0.12249452,2.3899368e-07,2.1456909,0.677578171080827,-0.64903458,-0.35096499,0.45654544,-20,-5.2669685,-1.999998,20.3
0.336663336663337,0.89999998,20,52.288672,0.37002835,91.994002,21.012454,2.3508704,2.1196766e-08,0.12484182,3.9758622e-11,2.3039603,0.80471756147932,-0.65547954,-0.33986814,0.000490961,-20,-2.7631584,-1.9999994,20.3
0.337662337662338,0.9,20,54.781328,0.37659199,105.83601,24.015192,2.4483903,8.1046291e-09,0.13701739,9.9548461e-12,2.7372043,0.722759075107375,-0.4153363,-0.14317888,7.374235e-09,-20,2.3648733,-2,20.3
0.338661338661339,0.9,20,56.331095,0.37490257,114.35052,25.986378,2.5212926,7.6644296e-09,0.141561,2.153677e-09,2.9693469,0.706711434810549,-0.287888675,-0.064717105,0.00037369451,-20,6.4008328,-1.9999994,20.3
0.33966033966034,0.9,20,54.425596,0.3755233,99.779513,23.330067,2.4477098,3.77984e-08,0.13054553,2.3205941e-14,2.5616742,0.838186914651734,-0.56666097,-0.24065484,6.381507e-09,-20,1.8929881,-2,20.3
0.340659340659341,0.89999766,20,54.253351,0.37072904,99.502755,22.99759,2.4361061,4.209349e-07,0.13116017,9.0392059e-11,2.5019233,0.808284623300661,-0.5783499,-0.25476854,5.7204294e-08,-20,1.8827999,-1.9999995,20.3
0.341658341658342,0.89964351,20,53.877941,0.37529511,93.467946,21.950852,2.4130806,3.5313194e-08,0.12699655,1.5842578e-11,2.385156,0.898434113779993,-0.67362503,-0.32637492,8.5510051e-07,-20,1.462531,-1.9998039,20.3
0.342657342657343,0.89538972,20,54.746796,0.3756182,98.133187,22.689663,2.4287653,2.2773849e-11,0.13414414,9.7647686e-14,2.5104628,0.832306156722599,-0.580480635,-0.280064595,6.1556547e-05,-20,1.8565078,-2,20.3
0.343656343656344,0.89999651,20,56.240994,0.37623109,109.65398,25.079895,2.4967212,2.5899175e-09,0.14319317,8.8319373e-13,2.807943,0.710384782268206,-0.341489785,-0.141960515,4.7398631e-11,-20,5.3758253,-2,20.3
0.344655344655345,0.89999909,20,55.745148,0.38186973,104.38744,24.915048,2.505514,9.1786972e-09,0.14249927,6.5819502e-11,2.7759412,0.73619914100547,-0.36038722,-0.15535131,4.3300423e-12,-20,4.0318478,-2,20.3
0.345654345654346,0.9,20,56.112306,0.38614083,106.14946,25.356158,2.5114487,2.836472e-08,0.14487009,1.0815744e-10,2.8685832,0.707217569622188,-0.26269133,-0.12166781,3.5163483e-05,-20,5.3223011,-1.9956773,20.3
0.346653346653347,0.9,20,57.469493,0.37577306,118.27778,27.296895,2.5662745,1.6273075e-10,0.14786545,2.9889002e-14,3.060992,0.608692923930187,-0.02504731985,-0.03361047515,6.3837525e-09,-20,7.9593467,-0.3003816,20.3
0.347652347652348,0.9,20,57.100347,0.37550597,116.09049,26.798397,2.5408974,1.1877268e-09,0.15104461,3.5388839e-14,3.0362395,0.600413620820776,-0.04837153325,-0.05590265675,3.5147463e-06,-20,6.4794586,-1.999676,20.3
0.348651348651349,0.9,20,59.136729,0.37553438,120,29.01111,2.658962,2.4526499e-12,0.1538,2.2645513e-14,3.2288196,0.540375094061745,0.32327241,-0.04456124,0.0361245,-20,9.8389742,-1.9999624,20.3
0.34965034965035,0.9,20,57.149101,0.37184374,119.08615,27.400923,2.5466611,1.4562395e-09,0.15181331,3.2894292e-12,3.1286567,0.517377267522145,0.18837538,-0.06362848,1.3098958e-07,-20,5.8630088,-1.9997974,20.3
0.350649350649351,0.89999856,20,57.030245,0.37710475,116.11157,26.623847,2.5274129,1.0837814e-10,0.14928825,2.1126068e-11,3.0116909,0.575228664950115,0.001900258,-0.064126338,5.7027628e-05,-20,6.6079519,0.42497687,20.3
0.351648351648352,0.89999999,20,57.696363,0.38290561,119.33932,27.382209,2.5545811,1.3601951e-07,0.15100821,5.8040369e-11,3.1381331,0.575278085979392,0.085885467,-0.055913413,1.8011124e-06,-20,8.4032999,2,20.3
0.352647352647353,0.89999985,20,56.461781,0.38882547,110.85638,25.742661,2.4866604,7.5848025e-13,0.1420885,6.3654527e-13,2.9246748,0.635962827531393,-0.1411394995,-0.0940583705,2.6952118e-14,-20,6.050958,2,20.3
0.353646353646354,0.9,20.000005,56.130248,0.38672046,105.46437,25.575362,2.5061433,7.6764535e-09,0.14608138,8.3632358e-10,2.8413212,0.659405090496045,-0.2073896355,-0.1229610745,2.6963132e-05,-20,4.5013633,2,20.3
0.354645354645355,0.9,20,56.158411,0.38220483,104.46793,25.623978,2.5237194,1.5009557e-10,0.14551695,1.0462207e-12,2.8111806,0.705494398388466,-0.2671061,-0.13351119,2.7511822e-08,-20,5.1924499,-0.45699191,20.3
0.355644355644356,0.8955991,20,54.682652,0.38137736,96.368481,23.132434,2.4322804,1.8844885e-10,0.13905947,2.7523006e-14,2.5277817,0.768868579435466,-0.4674642,-0.25214617,6.2671044e-11,-20,2.0943392,-1.477261,20.3
0.356643356643357,0.89312849,20,53.908822,0.37490444,90.753376,21.737991,2.3907562,1.4511263e-09,0.13477133,2.8418681e-11,2.3437195,0.80394824547396,-0.584746575,-0.331914495,2.0181463e-07,-20,0.0048288936,-1.9999991,20.3
0.357642357642358,0.88849546,20.000001,53.01152,0.37185075,86.922838,21.163097,2.3748439,4.3110542e-14,0.13191463,3.5760292e-13,2.205218,0.81690291483734,-0.64013559,-0.35698589,4.4215892e-14,-20,-1.625855,-2,20.3
0.358641358641359,0.89411261,20,53.514752,0.37047661,92.529635,22.00241,2.4014635,5.2606002e-13,0.13225271,3.9264837e-14,2.2874968,0.771742813690618,-0.572500615,-0.343250175,4.0840144e-08,-20,-0.30106317,-2,20.3
0.35964035964036,0.89298693,20,53.936119,0.37146957,95.470511,22.303371,2.4100409,2.1905837e-11,0.14632618,8.4013016e-12,2.3963174,0.730434969532862,-0.521478645,-0.314989875,1.2677244e-05,-20,-0.035750065,-2,20.3
0.360639360639361,0.89999993,20,58.506809,0.39756555,107.93397,28.808085,2.6702779,1.2679257e-07,0.12418645,8.0489885e-11,2.9675813,0.798360691983231,-0.169066555,-0.009777095,17.426673,-20,10,2,20.3
0.361638361638362,0.67409256,21.775448,56.168296,0.21075139,58.332505,13.565187,2.1397996,1.9199781e-07,0.045880416,0.27783216,2.5036234,0.301763477708678,-0.02911377,-0.13296578,40,20,10,2,20.3
0.362637362637363,0.69033757,20.549834,53.482257,0.18,49.006704,7.4616728,1.9704921,1.4289491e-05,0.067429474,0.099732113,1.894908,0.222135440967153,-0.259661645,-0.127924075,40,17.163854,10,2,20.3
0.363636363636364,0.6897799,20.668118,51.718782,0.18,42.863449,4.2869377,1.8905089,0.00081066263,0.043352692,0.049538884,1.6856664,0.140733550865007,-0.363591985,-0.130537095,39.999935,-0.23482673,10,1.9999998,20.3
0.364635364635365,0.77464243,22.424256,49.045684,0.18,31.06817,8.1540726,1.9571747,0.001880331,1.3841269e-10,0.087330319,1.5150132,0.0113399156525998,-0.36883009,-0.14331265,40,-19.997357,9.7841646,2,20.3
0.365634365634366,0.75752571,22.278353,50.185833,0.18,35.245009,0.00018187319,1.7139937,0.0016092886,0.018337607,0.0044512591,1.5974094,0.0568080264631678,-0.33629077,-0.13821582,40,-19.99995,9.9999991,2,20.3
0.366633366633367,0.76103712,23.533598,53.570091,0.18,45.147832,1.0762842e-10,1.5160858,0.00060653925,0.030884428,0.12710475,1.7062872,0.129273083278357,0.00368220499999999,-0.171447245,40,2.5172186,10,2,20.3
0.367632367632368,0.78362999,25.796684,47.621281,0.18,26.858002,3.0382997e-14,1.8321025,0.0018403895,2.2204977e-14,0.054638055,1.5441285,0.00897610873356396,-0.33104241,-0.14467128,40,-20,10,2,20.3
0.368631368631369,0.82844048,25.6647,47.905734,0.18,29.393896,4.1037744e-14,1.1675352,0.0015468844,0.026047942,4.4024706e-14,1.6637579,0.0451311460881986,-0.2708293,-0.1449413,40,-19.999998,9.9999996,-2,20.3
0.36963036963037,0.86703278,21.248766,51.559391,0.23700524,67.797801,8.0975485,1.6877695,4.9322178e-11,0.11480309,3.7343763e-14,2.4731539,0.23842992175201,0.289899027,-0.234073283,26.935317,-20,1.3498469,-2,20.3
0.370629370629371,0.89984268,20.000044,54.301601,0.33944076,93.679438,18.233718,2.0176764,5.77528e-11,0.11697663,6.9487967e-08,3.2977695,0.375937142786034,0.511748735,0.055214505,16.567201,-19.999931,-1.1593861,0.71432795,20.3
0.371628371628372,0.9,20,56.726537,0.40795945,102.95769,23.537605,2.3403436,5.3018001e-10,0.11733753,7.2372914e-09,3.0000086,0.483217084350085,0.43361996,-0.130267,37.365712,-20,10,2,20.3
0.372627372627373,0.89786561,20.000011,56.85019,0.37988198,104.30056,23.432998,2.3540582,2.2804041e-05,0.1017985,7.7279535e-07,2.9255984,0.471339715109095,0.219148945,0.037963145,39.999908,-19.994627,9.982347,1.9581938,20.3
0.373626373626374,0.8964121,24.537427,53.348711,0.32259183,89.292565,2.9969643,1.2072301,0.00020821802,0.11253241,6.0775084e-05,3.4692748,0.366353861209248,0.526097005,-0.115143625,39.999989,-19.983578,9.9999992,-0.018576665,20.3
0.374625374625375,0.9,31.763721,56.927176,0.18,82.306146,4.2388799e-14,3.9120135e-14,1.3238327e-13,0.071115049,1.7445071e-13,3.5,0.248869372769387,0.975150875,-0.024848995,40,-20,3.9704145,-2,20.3
0.375624375624376,0.9,38.028804,60.765818,0.18,7.8856183,2.220446e-14,5.8510823e-14,2.246893e-14,2.2308485e-14,2.4573706e-14,3.5,0.0537263307526267,1,0,5.8857645e-06,-20,-10,-2,20.3
0.376623376623377,0.9,36.703553,58.944809,0.18,7.2473924,2.2597776e-14,1.145028e-11,2.4150353e-14,1.609896e-13,2.2567355e-14,3.5,0.03232917666559,0.99999998,1.99999999894729e-08,9.2229073e-06,-19.999999,-10,-2,20.3
0.377622377622378,0.9,34.460015,49.663016,0.18,1.0076909e-12,2.2259595e-14,2.2218036e-14,2.2206426e-14,2.2206904e-14,2.2208404e-14,3.5,0.0372771186691707,0.999999995,5.0000000251238e-09,40,-20,-10,-2,20.3
0.378621378621379,0.9,34.376338,51.506724,0.18,30,10,2,0.002,0.002,0.1,1.5000026,1.11022302462517e-13,-0.35,-0.15,0.00013129675,-20,-10,-2,20.3
0.37962037962038,0.9,27.433598,46.765459,0.18,29.998388,9.9999583,1.9999956,0.002,0.002,0.099999998,1.5000049,1.11022302462517e-13,-0.350005975,-0.149995415,2.2205039e-14,-7.3338834,-10,-2,20.3
0.380619380619381,0.9,23.975573,43.67425,0.18,29.999999,10,2,0.002,0.002,0.1,1.5,1.11022302462517e-13,-0.35000044,-0.14999956,2.2204628e-14,20,-10,-2,20.3
0.381618381618382,0.9,21.63522,46.779288,0.18,29.999999,10,2,0.002,0.002,0.1,1.5,1.11022302462517e-13,-0.35000059,-0.14999942,2.2204598e-14,20,-10,-2,20.3
0.382617382617383,0.9,21.935635,46.23808,0.18,30,10,2,0.0020000006,0.0028987278,0.1,1.5000004,1.11022302462517e-13,-0.35,-0.15,2.2204826e-14,5.4982349,-10,-2,20.3
0.383616383616384,0.9,27.171709,46.462262,0.18,33.901988,3.6717593e-12,1.5565981,2.7877426e-14,2.3399722e-14,1.1519733e-13,1.768613,0.0102546866744406,-0.158631255,-0.072517295,27.919506,-20,-10,-2,20.3
0.384615384615385,0.89467163,26.905071,46.889386,0.18,44.656429,2.7812443e-12,0.12943844,4.628802e-14,0.011292061,2.2621211e-14,1.8328428,0.0785196081897137,-0.1054633185,-0.1564389215,21.233319,-20,-10,-2,20.3
0.385614385614386,0.72662997,24.085026,50.166328,0.19197194,39.549472,5.492443,1.4922965,1.4656167e-06,0.089239797,2.9023957e-10,1.8296343,0.258260793858359,-0.067931475,-0.196736945,40,-12.806223,10,-0.27985656,20.3
0.386613386613387,0.81882484,20,53.627547,0.3838195,83.356306,18.350376,2.2163276,2.5492879e-08,0.10457387,9.2542747e-13,2.1834649,0.881313484061097,-0.6157396,-0.32761805,11.227695,-20,3.0888696,1.9993803,20.3
0.387612387612388,0.73452424,20,63.90235,0.40992213,98.041223,27.18737,2.6933459,3.8096991e-08,0.078132714,4.2724114e-09,2.6261217,1.56599047475532,-0.58266777,-0.04600246,28.436594,-20,10,2,20.3
0.388611388611389,0.9,20.578977,52.419474,0.21384244,106.78857,20.904633,2.1224474,4.9514364e-13,0.11410438,2.3939343e-14,3.2478128,0.364069203362225,0.841386695,-0.158549025,27.466612,-20,7.5103571,-2,20.3
0.38961038961039,0.71471034,20,55.067201,0.20800716,70.674957,13.170238,2.1006815,1.1413132e-08,0.049186132,0.51062364,1.5467665,0.318867866257436,-0.381442685,-0.223825705,40,-19.161618,10,2,20.3
0.390609390609391,0.7191276,20,55.240391,0.20154876,78.033494,12.775428,2.0973201,0.00060490781,0.03446092,0.78060198,1.3535366,0.412337883968668,-1,0,40,-17.571596,9.9999999,2,20.3
0.391608391608392,0.73369036,20,53.205053,0.23494981,76.280378,13.947181,2.1292693,0.0018677431,0.048960276,0.60519024,1.3481997,0.389698470703994,-1,0,40,-19.999988,10,2,20.3
0.392607392607393,0.73618751,20,52.729935,0.26727666,79.09172,14.52437,2.1468672,0.0028059281,0.048747053,0.63102762,1.3086966,0.39918693126711,-1,0,39.999996,-20,9.9999999,2,20.3
0.393606393606394,0.71497013,20,53.240894,0.25788111,79.321847,14.287415,2.1405885,0.002814413,0.043958346,0.67194715,1.2948108,0.381434743537447,-0.999998195,-1.7850000000319e-06,39.999998,-19.999999,9.9999994,2,20.3
0.394605394605395,0.71870008,20,53.736589,0.24520935,79.868959,13.886708,2.1285312,0.0025462368,0.039329267,0.73446024,1.2802182,0.361267291064115,-0.999999825,-1.74999999991154e-07,40,-20,10,2,20.3
0.395604395604396,0.70489258,20.000005,54.126629,0.24386001,82.534886,13.993001,2.1316888,0.0032757884,0.040378286,0.7755232,1.2676285,0.388217327873634,-0.999999995,5.0000000251238e-09,39.999958,-20,9.9999918,2,20.3
0.396603396603397,0.69045333,20,54.052861,0.24057554,79.048175,13.900126,2.1280111,0.003117682,0.041942888,0.70764169,1.2625314,0.422839523505051,-0.999999995,-5.0000000251238e-09,40,-19.999998,10,2,20.3
0.397602397602398,0.66514732,20,54.293585,0.22362095,80.567342,13.842091,2.1268384,0.0035986023,0.046183127,0.68177491,1.2628177,0.416157899882837,-0.999999935,-6.49999999935424e-08,40,-19.999869,9.9999995,2,20.3
0.398601398601399,0.6485094,20,54.678631,0.19999587,80.12634,13.492731,2.1155027,0.0034266966,0.044113078,0.69606757,1.2571748,0.398879131447707,-1,0,40,-20,10,2,20.3
0.3996003996004,0.64164546,20,54.395841,0.1800001,79.695621,13.297871,2.1101962,0.0043036972,0.031030414,0.67550604,1.2383409,0.30157083350056,-0.9999993,-6.89999999969881e-07,40,-19.999936,10,2,20.3
0.400599400599401,0.66005438,20,54.047473,0.18,79.263309,13.257036,2.1104622,0.0058378651,0.0039496037,0.65182428,1.1784865,0.165982416990976,-0.999999925,-3.50000000093331e-08,40,-20,10,2,20.3
0.401598401598402,0.68461419,20,53.968901,0.18,80.216903,13.202993,2.1093458,0.0060156692,2.42986e-14,0.69190167,1.1840454,0.154421061097086,-1,0,40,-20,10,2,20.3
0.402597402597403,0.714907,20,54.381808,0.18,84.885222,13.111692,2.1064948,0.0055505392,6.4181327e-14,0.87677838,1.1582664,0.184912592503453,-1,0,40,-14.611264,10,2,20.3
0.403596403596404,0.73423218,20,54.189467,0.18,85.838168,13.051379,2.1049401,0.0060882137,1.8493084e-10,0.8985886,1.1861424,0.205044533894649,-0.999999995,-5.0000000251238e-09,40,-14.669923,10,2,20.3
0.404595404595405,0.73311684,20,53.229657,0.18,82.475203,13.153627,2.1071324,0.00474555,2.2245113e-14,0.83203779,1.1757152,0.179385194538453,-1,0,40,-18.786227,10,2,20.3
0.405594405594406,0.69492698,20,54.377873,0.18,80.808006,12.91646,2.1006685,0.0049466915,0.0057639507,0.76560709,1.2207161,0.225874941996166,-0.999999975,-2.50000000145967e-08,40,-19.999999,10,2,20.3
0.406593406593407,0.68264459,20,55.261414,0.18969246,80.848623,12.751742,2.0965862,0.002037665,0.025352032,0.84349708,1.2888095,0.351987693207637,-0.99999988,-1.19999999992348e-07,40,-19.999992,10,2,20.3
0.407592407592408,0.65214663,20,54.959654,0.18,80.215838,13.028254,2.1055051,0.004031156,0.017571807,0.73996143,1.2307652,0.255943688742616,-1,0,40,-20,10,2,20.3
0.408591408591409,0.65250649,20,54.90771,0.18000002,79.909742,13.130958,2.108228,0.003884738,0.018696523,0.70584888,1.2626651,0.295551125159085,-0.99999639,-3.55999999995804e-06,40,-19.999995,9.9999999,2,20.3
0.40959040959041,0.66732091,20,55.454354,0.1823099,78.155262,13.012308,2.1059283,0.0023482876,0.029588878,0.64076085,1.3577401,0.431850878470169,-1,0,40,-20,10,2,20.3
0.410589410589411,0.72209965,20,54.6719,0.23591733,80.253981,14.167254,2.1407325,0.0021892338,0.033279,0.56915571,1.3855385,0.503767272402246,-1,0,40,-20,10,2,20.3
0.411588411588412,0.71918559,20,55.109419,0.23664723,82.81146,13.958373,2.1339639,0.0023990136,0.029377964,0.64050791,1.364065,0.489077753132286,-0.999999895,-5.4999999998806e-08,40,-19.99993,10,2,20.3
0.412587412587413,0.71900313,20,55.252009,0.20594902,80.598621,13.121605,2.1094263,0.0011946596,0.022131993,0.64678653,1.415202,0.441726205500257,-1,0,40,-20,10,2,20.3
0.413586413586414,0.72011533,20,54.777727,0.18,83.820686,12.885708,2.100596,0.0068751352,0.00081255942,0.84198965,1.2190043,0.275277317659769,-1,0,40,-17.343718,10,2,20.3
0.414585414585415,0.72335201,20,54.537327,0.18000001,84.219051,12.917482,2.1010645,0.0060107622,7.1059688e-08,0.88525904,1.1806715,0.232779310910673,-0.9999997,2.89999999958379e-07,40,-14.165031,9.9999996,2,20.3
0.415584415584416,0.77420052,20,53.927352,0.18,83.513747,12.856437,2.0981892,0.005124423,1.0083827e-10,0.91651716,1.2394176,0.277955763765584,-0.999999995,-5.0000000251238e-09,40,-7.3123437,10,2,20.3
0.416583416583417,0.81218847,20.000001,54.766119,0.18,87.170695,12.701718,2.0947604,0.0059857414,2.061698e-09,1.0417661,1.2766252,0.342249946156681,-0.99999941,-3.70000000027293e-07,39.999998,6.5643733,9.9999988,2,20.3
0.417582417582418,0.82030778,20.000001,56.220677,0.18,82.573429,11.638339,2.0687041,0.0032051908,0.0023123479,0.8938103,1.4928782,0.44511278300832,-0.99999704,2.92999999995658e-06,39.999999,18.171582,9.9999997,2,20.3
0.418581418581419,0.75295489,20.000001,54.988989,0.18,87.165468,12.865635,2.0992694,0.006630545,6.78251e-09,1.0257762,1.2062527,0.320162472619849,-1,0,39.999993,1.8873918,9.9999995,2,20.3
0.41958041958042,0.73682941,20,55.326337,0.18,84.47535,12.808718,2.0984796,0.0072903576,0.0001854605,0.90979464,1.2381071,0.321650239681429,-0.99999998,-1.99999999894729e-08,40,-3.9036112,10,2,20.3
0.420579420579421,0.74046946,20,55.33492,0.18,83.697989,12.918006,2.1022808,0.0068151668,0.00054222465,0.85345018,1.2952161,0.337690698826405,-0.99999995,-1.99999999894729e-08,40,-7.5197714,9.9999999,2,20.3
0.421578421578422,0.74048324,20,55.308719,0.18,76.327946,12.716799,2.0966564,0.0023845731,0.005150918,0.62987878,1.5155394,0.411331834611209,-0.999993805,6.19499999998663e-06,40,-4.6695125,9.9999995,2,20.3
0.422577422577423,0.73496077,20,54.737386,0.22115035,76.202929,13.946269,2.1309446,2.3112192e-05,0.021153141,0.66745906,1.38585,0.299560103572104,-0.63694313,-0.25548761,40,-19.999289,10,2,20.3
0.423576423576424,0.72095093,20,55.249605,0.18020217,75.159503,13.473792,2.1111588,1.9296627e-05,0.022514069,0.57230544,1.5109608,0.281573767342604,-0.521437835,-0.198402975,40,-20,10,2,20.3
0.424575424575425,0.79653058,20,54.305459,0.23858603,84.979237,16.764924,2.208431,6.4900047e-09,0.042964244,0.33754565,1.7607344,0.325975870101128,-0.342444485,-0.228336805,40,-20,10,2,20.3
0.425574425574426,0.86095585,20,53.950422,0.27284686,87.147613,19.840099,2.3243264,8.6888616e-08,0.080037839,1.8291268e-09,2.1724735,0.598363574881208,-0.572653825,-0.234272715,40,-20,10,2,20.3
0.426573426573427,0.9,20,57.233259,0.31973044,119.99837,30.235485,2.7037999,1.2285045e-11,0.12845941,1.1992581e-11,3.3146409,0.640930350321723,0.0915894815,0.1341818085,28.95028,-20,10,2,20.3
0.427572427572428,0.9,20,59.732631,0.37182855,120,32.367357,2.8690645,3.441898e-14,0.12324799,4.5393873e-11,3.2961813,0.804625296038374,0.127498533,0.192832707,40,-20,10,2,20.3
0.428571428571429,0.86004049,20,56.374161,0.41829965,114.96072,23.385587,2.3010625,1.4830176e-10,0.12637895,4.4930933e-11,3.2715273,0.633466074586635,-0.1063760405,-0.0586770695,24.401452,-20,9.9999295,-1.9900679,20.3
0.42957042957043,0.72689618,23.203444,49.32964,0.18,46.158568,2.0608337,1.7189199,0.00077184315,0.077415084,1.7043707e-08,1.664597,0.338001591625255,-0.8927008,-0.1072992,15.853344,-19.999967,-6.117829,-1.9999999,20.3
0.430569430569431,0.67788113,21.943469,50.070404,0.18,44.230284,5.0307279,1.8538796,0.0012850328,0.065642985,3.4176562e-09,1.6527846,0.427223836545468,-0.976089775,-0.023910225,21.01156,-19.999995,-3.9181363,0.62018369,20.3
0.431568431568432,0.68100567,20.23153,51.318591,0.21270417,52.058749,11.537678,2.0182626,6.8647917e-09,0.077814437,2.6137447e-14,2.0079472,0.236635781188145,-0.0797259275,-0.1706254725,15.279014,-20,-7.526215,0.33156627,20.3
0.432567432567433,0.69085371,22.103267,50.526291,0.18,46.367896,6.451434,1.9156728,0.0014037237,0.060015017,3.6786526e-07,1.6647241,0.404374055961659,-0.999930755,-6.0925000000045e-05,16.33268,-19.999998,-7.9423596,1.870231,20.3
0.433566433566434,0.69345481,21.513204,49.678068,0.18,45.22631,5.1646334,1.8773822,0.00071174498,0.06311418,4.9282845e-12,1.6817411,0.268695810160185,-0.75117282,-0.17543304,18.503012,-20,-5.846455,-0.23221914,20.3
0.434565434565435,0.67011613,20.987419,51.330097,0.18,50.474148,8.9940148,1.9551415,8.6397554e-08,0.077261573,2.5821799e-13,1.9577599,0.260023489506752,-0.247477595,-0.145987045,23.278574,-20,-2.6817287,1.6987505,20.3
0.435564435564436,0.64269482,21.100907,52.092582,0.18,48.819893,9.2562796,1.97174,2.7117175e-06,0.073085016,4.9748697e-14,1.9891621,0.267403071511176,-0.25955593,-0.14520864,22.743446,-19.999998,-3.1732304,2,20.3
0.436563436563437,0.6528894,20.722053,51.270062,0.1997151,48.780694,11.045734,2.0016866,5.715239e-07,0.081318515,9.8919452e-13,1.9456048,0.247684236589617,-0.176964782,-0.166263998,17.253207,-20,-5.8278172,0.43173297,20.3
0.437562437562438,0.68032212,21.620884,51.520445,0.18,47.076564,9.2335555,1.985809,0.00078049154,0.074831318,3.0410241e-09,1.7391054,0.480906849401108,-0.937831,-0.062169,20.006624,-19.999064,-4.842859,2,20.3
0.438561438561439,0.65351855,20.557703,51.53788,0.18,45.315814,9.6451277,1.9824282,0.00096563327,0.065256601,3.5908457e-09,1.7182011,0.409118197541432,-0.89973368,-0.10026632,21.649805,-19.999986,-4.2597893,2,20.3
0.43956043956044,0.65755424,20,51.791427,0.18,54.55502,10.137472,1.9912228,0.00052994886,0.066734965,1.7958807e-10,1.7046741,0.33138278790795,-0.728786235,-0.187844765,28.783841,-20,-0.91512087,2,20.3
0.440559440559441,0.66460567,20,52.123966,0.18,54.092059,9.9797504,1.9986161,0.0014803844,0.066663521,3.5611143e-11,1.6467945,0.462195456630754,-0.99983954,-0.000160459999999973,31.117553,-20,0.53923721,2,20.3
0.441558441558442,0.61719898,20.000009,54.084034,0.18,62.101446,12.175435,2.0837484,0.00056334648,0.057035175,0.0013209686,1.5946914,0.334021077428333,-0.654365175,-0.207936045,39.999991,-19.999965,7.070311,2,20.3
0.442557442557443,0.60270671,20,54.161627,0.18,55.341607,11.566887,2.0412951,0.00042767524,0.05909175,2.3947043e-08,1.7494195,0.34319782132221,-0.623809965,-0.177713615,40,-20,5.6192089,2,20.3
0.443556443556444,0.65306632,20,52.994358,0.2426259,60.35412,15.406337,2.1631415,3.5439474e-06,0.075361077,7.4531769e-11,1.7212696,0.364782212477435,-0.51402321,-0.22471633,33.276018,-20,1.8689314,2,20.3
0.444555444555445,0.74716127,20,50.617567,0.32348389,68.808675,17.802046,2.2519369,1.9171318e-05,0.08900753,9.285784e-09,1.6238037,0.524825097161627,-0.65134374,-0.34865506,21.778757,-19.999878,-1.9615875,2,20.3
0.445554445554446,0.76030698,20,50.12551,0.32987219,67.075276,17.867957,2.2542223,1.0617728e-07,0.090183525,6.6694521e-12,1.6258929,0.59776527483368,-0.67454212,-0.32545788,20.278622,-19.999903,-1.5034472,2,20.3
0.446553446553447,0.73325837,20,50.573613,0.29214106,64.308165,16.457493,2.2028907,1.8388656e-05,0.081033747,5.3393208e-08,1.5762996,0.566323468772531,-0.730785035,-0.269214965,25.200126,-19.999999,1.2422513,2,20.3
0.447552447552448,0.76047545,20,51.633914,0.28455512,72.665679,16.025366,2.0791557,1.209206e-12,0.10062697,2.5523945e-08,2.0821495,0.380776457797612,-0.2946621455,-0.2232573245,13.34148,-19.99999,-6.0259326,1.999999,20.3
0.448551448551449,0.80514683,20.177023,51.593362,0.26748906,73.015831,13.082893,1.7966101,3.5166577e-10,0.11796493,1.8029114e-11,2.9778012,0.303170478681562,0.189140321,-0.172399909,0.020874588,-20,-10,-1.9999999,20.3
0.44955044955045,0.66896737,24.134029,44.752803,0.18,30,10,2,0.0020000001,0.0025660261,0.1,1.5,1.11022302462517e-13,-0.35,-0.15,2.3487378,-3.8988348,1.8453604,-2,20.3
0.450549450549451,0.64997734,22.612409,44.210901,0.18,30,10,2,0.0020000011,0.0027601388,0.1,1.5,1.11022302462517e-13,-0.35,-0.15,2.2204467e-14,3.1180367,0.28692613,-2,20.3
0.451548451548452,0.64307173,23.110283,44.332825,0.18,29.999997,10,2,0.0020001902,0.0027023812,0.1,1.5,1.11022302462517e-13,-0.35,-0.15,2.2204497e-14,2.946463,1.1611912,-2,20.3
0.452547452547453,0.63125502,22.877915,44.532083,0.18,29.999983,10,2,0.0020049678,0.0029037141,0.1,1.5,1.11022302462517e-13,-0.350000005,-0.149999995,2.2975849e-14,1.7020574,0.58269038,-2,20.3
0.453546453546454,0.63200814,22.710905,44.6002,0.18,29.999999,9.9999999,2,0.0020011917,0.0029750916,0.099999999,1.5,1.16573417585643e-13,-0.35000005,-0.15,1.1805053e-12,1.3554155,-0.0014422123,-2,20.3
0.454545454545455,0.64181364,22.883487,44.425001,0.18,30,10,2,0.0020000034,0.002765416,0.1,1.5,1.11022302462517e-13,-0.35,-0.15,2.2204477e-14,3.2115735,1.6086853,-2,20.3
0.455544455544456,0.65261945,22.807367,44.180177,0.18,29.999995,10,2,0.0020000135,0.0033574296,0.1,1.5,1.11022302462517e-13,-0.35000001,-0.15,2.3228272e-14,3.9281612,1.350997,-2,20.3
0.456543456543457,0.66402168,22.773527,44.188777,0.18,30,10,2,0.0020000013,0.0026460326,0.1,1.5,1.11022302462517e-13,-0.35,-0.15,2.2239922e-14,2.8310807,0.9770562,-2,20.3
0.457542457542458,0.67163226,22.73225,44.293992,0.18,29.999977,10,2,0.002000007,0.0030533982,0.1,1.5,1.11022302462517e-13,-0.350000005,-0.149999995,2.2356764e-14,0.70439053,-0.47353326,-2,20.3
0.458541458541459,0.64899068,23.737099,45.417117,0.18,29.999832,9.9999801,1.9999984,0.0020000777,0.0021783568,0.099999152,1.4999977,3.88867826843354e-10,-0.350011415,-0.150000035,0.0078839978,-20,-7.8206568,-2,20.3
0.45954045954046,0.6463167,23.7946,45.722193,0.18,29.99998,10,2,0.0020000127,0.0032696074,0.099999991,1.5,1.11022302462517e-13,-0.350001,-0.14999977,6.8150811e-12,-20,-9.9999974,-2,20.3
0.460539460539461,0.66869021,23.222852,45.541639,0.18,29.997862,10,1.9999998,0.0020000902,0.0031674595,0.099999889,1.4999999,1.28230759344207e-13,-0.35000451,-0.14999971,6.1922882e-11,-20,-9.1012427,-2,20.3
0.461538461538462,0.67296962,23.317654,45.620119,0.18,30,10,2,0.002,0.0024246648,0.1,1.5,1.11022302462517e-13,-0.35,-0.15,2.220446e-14,-20,-9.031332,-2,20.3
0.462537462537463,0.69277632,23.022333,44.937411,0.18,30,10,2,0.0020000009,0.0024481476,0.1,1.5,1.11022302462517e-13,-0.35,-0.15,2.228507e-14,-20,-7.7011406,-2,20.3
0.463536463536464,0.68801486,22.404176,44.473835,0.18,29.999986,10,2,0.0020000517,0.0030361285,0.1,1.5,1.11022302462517e-13,-0.350000015,-0.149999995,2.7280011e-14,-6.9283106,-3.68321,-2,20.3
0.464535464535465,0.67544589,22.592434,44.414419,0.18,29.999808,9.9999845,1.999999,0.002001073,0.0020989736,0.099999584,1.4999975,6.18283202417572e-11,-0.3500115,-0.15000002,1.3551972e-11,-7.2351311,-3.6458733,-2,20.3
0.465534465534466,0.67713372,22.910366,44.184929,0.18,29.999933,10,2,0.0020000543,0.0034351965,0.1,1.5,1.11022302462517e-13,-0.350000035,-0.150000005,7.0220961e-14,-6.3479468,-3.6078225,-2,20.3
0.466533466533467,0.67210762,23.141294,44.309287,0.18,30,10,2,0.002,0.0027009594,0.1,1.5,1.11022302462517e-13,-0.35,-0.15,2.2204461e-14,-8.2165414,-4.0161049,-2,20.3
0.467532467532468,0.67528709,23.150198,44.373612,0.18,30,10,2,0.002,0.0025063223,0.1,1.5,1.11022302462517e-13,-0.35,-0.15,2.2204485e-14,-8.3258732,-2.4687016,-2,20.3
0.468531468531469,0.67421068,23.26761,44.337098,0.18,29.999995,10,2,0.0020000034,0.0030646876,0.1,1.5,1.11022302462517e-13,-0.35,-0.15,1.2584407e-12,-8.5176849,-1.6627759,-2,20.3
0.46953046953047,0.66005618,23.294471,44.597398,0.18,30,10,2,0.002,0.0025051173,0.1,1.5,1.11022302462517e-13,-0.35,-0.15,2.22045e-14,-10.594972,-2.2440448,-2,20.3
0.470529470529471,0.64849649,23.514383,44.707848,0.18,30,10,2,0.0020000002,0.0028474784,0.1,1.5,1.11022302462517e-13,-0.35,-0.15,2.5049655e-14,-12.372019,-2.3392261,-2,20.3
0.471528471528472,0.64812519,23.680302,44.792836,0.18,30,10,2,0.0020000002,0.0028503087,0.1,1.5,1.11022302462517e-13,-0.35,-0.15,2.2744408e-14,-11.147892,-1.9507218,-2,20.3
0.472527472527473,0.64546432,23.52224,44.766962,0.18,30,10,2,0.0020000007,0.0029650119,0.1,1.5,1.11022302462517e-13,-0.35,-0.15,2.2212382e-14,-10.987849,-2.0811824,-2,20.3
0.473526473526474,0.63584261,23.650284,45.17569,0.18,29.999705,10,1.9999999,0.0020084906,0.0028663942,0.099999997,1.5,1.11022302462517e-13,-0.350001615,-0.149999495,0.7158033,-11.593099,-1.2764339,-2,20.3
0.474525474525474,0.64584836,23.336366,44.946085,0.18,30,10,2,0.0020000013,0.0028968795,0.1,1.5,1.11022302462517e-13,-0.35,-0.15,3.1706675e-06,-8.6013899,-1.508651,-2,20.3
0.475524475524476,0.62591442,23.32932,45.289319,0.18,29.999995,10,2,0.0020002331,0.002240131,0.1,1.5,1.11022302462517e-13,-0.350000025,-0.149999995,1.5528331e-08,-12.067621,-2.1077193,-2,20.3
0.476523476523477,0.61690085,24.000364,45.600456,0.18,29.986052,9.9999976,1.9999969,0.0020137527,0.0028257163,0.099999657,1.4999998,1.23789867245706e-13,-0.35006116,-0.14998092,0.0083580867,-15.308991,-4.3389566,-2,20.3
0.477522477522478,0.62742928,24.327561,45.653,0.18,29.999999,10,2,0.0020000107,0.002517074,0.1,1.5,1.11022302462517e-13,-0.350000005,-0.149999995,0.70155708,-19.999978,-4.519554,-2,20.3
0.478521478521479,0.62283624,24.369061,45.650471,0.18,29.999931,10,2,0.0020006109,0.002127306,0.099999999,1.5,1.11022302462517e-13,-0.3500002,-0.15000003,0.01552009,-15.869685,-4.0896488,-2,20.3
0.47952047952048,0.64168827,24.227146,45.30127,0.18,30,10,2,0.0020000002,0.0027942665,0.1,1.5,1.11022302462517e-13,-0.35,-0.15,0.41020809,-16.141478,-3.6730744,-2,20.3
0.480519480519481,0.65501572,23.511802,44.857749,0.18,30,10,2,0.0020000015,0.0028383747,0.1,1.5,1.11022302462517e-13,-0.35,-0.15,2.2208894e-14,-7.0143388,-1.4551259,-2,20.3
0.481518481518482,0.65075862,23.352416,44.781672,0.18,29.999999,10,2,0.0020000043,0.0030079364,0.1,1.5,1.11022302462517e-13,-0.35,-0.15,2.2247135e-14,-6.8624915,-0.97425542,-2,20.3
0.482517482517482,0.65387111,23.201448,44.755114,0.18,30,10,2,0.002,0.002435523,0.1,1.5,1.11022302462517e-13,-0.35,-0.15,2.220446e-14,-4.5012233,0.29739221,-2,20.3
0.483516483516484,0.65122925,22.996697,44.907471,0.18,30,10,2,0.0020000006,0.0028368471,0.1,1.5,1.11022302462517e-13,-0.35,-0.15,2.220446e-14,-3.876664,0.39395504,-2,20.3
0.484515484515485,0.65888306,23.357842,44.810081,0.18,29.999999,10,2,0.002000037,0.0031596336,0.1,1.5,1.11022302462517e-13,-0.35,-0.15,3.60436e-07,-0.39880825,1.9488258,-2,20.3
0.485514485514486,0.65963633,23.463647,44.815745,0.18,30,10,2,0.0020000007,0.0029390751,0.1,1.5,1.11022302462517e-13,-0.35,-0.15,2.220446e-14,0.7735764,2.2297336,-2,20.3
0.486513486513487,0.66448934,23.592774,44.790463,0.18,29.988889,9.9999987,1.999999,0.0020065758,0.0019999714,0.099999936,1.5,1.11022302462517e-13,-0.35001968,-0.14999238,2.8435603e-07,2.0746175,3.1775144,-2,20.3
0.487512487512487,0.66674422,23.964804,44.729225,0.18,29.999963,9.9999974,1.9999999,0.0020008513,0.0019988099,0.099999963,1.4999997,1.92679205923733e-12,-0.35000586,-0.14999943,0.00015471399,4.7120988,3.9068968,-2,20.3
0.488511488511489,0.658852,23.914997,44.920957,0.18,30,10,2,0.002,0.0025289877,0.1,1.5,1.11022302462517e-13,-0.35,-0.15,2.220446e-14,2.9826675,3.2332895,-2,20.3
0.48951048951049,0.65155855,23.546177,44.946024,0.18,29.999993,10,2,0.002000029,0.0032968966,0.1,1.5,1.11022302462517e-13,-0.350000005,-0.149999995,3.4540459e-10,2.4161731,3.8049848,-2,20.3
0.49050949050949,0.64311139,23.488043,44.967106,0.18,29.99701,9.9999989,1.9999997,0.002003043,0.0030493507,0.099999997,1.5,1.11022302462517e-13,-0.35000217,-0.14999914,0.14198859,3.6820071,4.3039448,-2,20.3
0.491508491508492,0.6342674,23.679374,45.110585,0.18,29.999949,10,2,0.0020006008,0.0019999999,0.1,1.5,1.11022302462517e-13,-0.35000006,-0.15,0.63948894,2.8184266,4.2715822,-2,20.3
0.492507492507492,0.60696898,24.556178,46.284983,0.18,29.998981,9.9999956,1.9999939,0.002005324,0.0023466826,0.099999785,1.5,1.12687636999455e-13,-0.350015295,-0.149995065,10.445956,-15.84661,2.0852292,-1.9999994,20.3
0.493506493506494,0.60398499,24.744493,46.558652,0.18,29.999991,10,2,0.002000089,0.0021811656,0.099999999,1.5,1.11022302462517e-13,-0.350000075,-0.149999995,8.5753918,-17.857054,0.62528873,-2,20.3
0.494505494505495,0.60516849,24.35844,46.353975,0.18,29.999973,10,2,0.0020004822,0.0027185458,0.1,1.5,1.11022302462517e-13,-0.35000014,-0.14999998,3.4611601,-12.079496,-0.66922886,-2,20.3
0.495504495504495,0.63069405,24.70262,46.419857,0.18,29.999972,9.9999995,1.9999999,0.002000578,0.0026664178,0.099999979,1.5,1.11022302462517e-13,-0.35000235,-0.14999974,2.7131052,-20,-5.1080574,-2,20.3
0.496503496503497,0.66664938,25.469904,46.735217,0.18,30.042731,9.9124752,1.9929961,0.0019669955,2.6686848e-13,0.095356308,1.5041081,0.00159705398098775,-0.35344979,-0.14947833,8.8735802,-20,-5.229116,-2,20.3
0.497502497502497,0.87922356,20,56.249171,0.38609311,114.35078,26.342491,2.4541473,4.3225846e-14,0.14745984,2.6252609e-14,3.2172739,0.750361729408523,0.124226935,-0.091474145,6.1240271,-20,9.954619,1.8071682,20.3
0.498501498501498,0.8435219,20.000003,49.031995,0.40357586,64.549766,19.789159,2.197838,9.3383327e-09,0.11454396,5.0199079e-10,2.2045847,0.504870682832939,-0.092063385,-0.274141765,0.99211621,-20,-9.9999995,1.9999997,20.3
0.4995004995005,0.86083009,20,49.896702,0.4058285,62.891065,20.455176,2.2446349,1.0458189e-08,0.11068427,1.1805274e-08,2.202005,0.545352835867302,-0.15836009,-0.27333626,7.6609189,-20,-8.9001976,2,20.3
0.500499500499501,0.87834847,20,51.302698,0.42754669,60.824284,22.227496,2.3699721,3.4665126e-11,0.11032339,5.3511445e-08,2.376122,0.63980706898929,-0.2044760505,-0.2436520895,9.7827074,-19.999998,-9.8731454,2,20.3
0.501498501498502,0.88094379,20,52.04647,0.43466379,55.566983,23.176228,2.5082084,7.3698188e-09,0.10611638,3.785077e-14,2.4110966,0.64133170113657,-0.2193198558,-0.2279278642,14.249019,-20,-9.9999995,2,20.3
0.502497502497502,0.88665746,20,52.015229,0.436585,48.252154,24.021253,2.6396489,1.0036517e-10,0.10284373,3.8390673e-08,2.4883744,0.538808982130923,-0.06140187,-0.21789316,13.718017,-19.489005,-10,2,20.3
0.503496503496504,0.87955666,20,51.980565,0.44197488,48.369114,22.848988,2.5368833,2.2592902e-14,0.098482086,3.7235292e-09,2.4224621,0.56629513466602,-0.1301063705,-0.2238178295,18.566957,-19.867647,-9.9997379,2,20.3
0.504495504495505,0.9,20.894087,49.282423,0.39570578,49.055904,15.741374,1.9857227,1.3005587e-08,0.10279053,1.5968863e-08,2.4645437,0.428806881920957,0.1949180085,-0.2186049015,40,-19.989304,9.7533066,2,20.3
0.505494505494505,0.8483419,20.000001,50.774679,0.32515267,51.541718,15.559047,2.0253836,0.00071719466,0.090030967,0.052180858,2.296579,0.502848201252334,-0.267139425,-0.046102535,39.984598,-7.0644926,9.7102139,1.9985402,20.3
0.506493506493506,0.70115367,23.31248,51.965821,0.2566773,44.50147,11.33979,2.0112429,1.6402567e-07,0.077023454,0.00026706057,2.132366,0.302635947815555,0.022579415,-0.197816405,40,-0.550331,10,2,20.3
0.507492507492508,0.75526992,24.431057,48.733907,0.19773438,42.816242,3.7419597,1.8205936,2.0790693e-06,0.078457968,1.254282e-11,1.6611442,0.169859963886436,0.024449245,-0.203476815,39.365505,-19.999284,9.0562785,2,20.3
0.508491508491508,0.72541075,25.633428,46.445926,0.18,52.687437,2.25932,1.9427145,0.00024171834,0.085137031,1.0934864e-10,1.5253552,0.138954368742471,-0.1407426455,-0.1729429045,27.614532,-20,5.0023279,-2,20.3
0.509490509490509,0.68162946,25.621499,43.628784,0.18,39.017418,8.4605678,1.9654208,0.0016684792,0.049693405,0.032880778,1.5048781,0.0250744779757934,-0.350853875,-0.153002555,1.4037298,-20,-9.999995,-2,20.3
0.510489510489511,0.55817357,21.46114,45.01765,0.32139341,52.884597,6.4337375,1.8702496,0.00029626544,0.084957101,1.9233805e-11,1.6194311,0.205817639180595,-0.142325453,-0.201270847,0.00042818833,-19.999853,-8.8353237,-2,20.3
0.511488511488511,0.71232239,25.693751,42.99198,0.24088881,2.1283392,7.1333152e-12,2.4873922e-11,0.00045399066,0.11608019,5.9381053e-14,2.4876193,0.17370623439832,0.234066142,-0.249661688,2.7516791,-20,1.9298262,-2,20.3
0.512487512487512,0.56045353,20,40.000002,0.18,30,10,2,0.002,0.0022240325,0.1,1.5,1.18793863634893e-13,-0.35000002,-0.14999999,40,-20,10,2,20.3
0.513486513486514,0.78893082,30.639559,40,0.18,6.2049291e-05,4.2182039e-14,2.0521679e-11,0.00057032384,0.2,4.2549658e-14,1.6588594,0.109729215215812,-0.31282756,-0.21003654,4.2225557e-14,-20,-10,-2,20.3
0.514485514485514,0.55860983,31.316418,48.690685,0.19041523,57.546694,1.0702204,1.9637052,0.00075859815,0.023663409,2.220446e-14,1.4336265,0.111845163595696,-0.1698836614,-0.1719096786,5.1506814,-20,-6.2311791,-2,20.3
0.515484515484515,0.9,20,58.596359,0.3241279,120,26.377684,2.5202324,2.3679007e-14,0.11429277,3.9098143e-14,2.9947875,0.413054166184447,0.531808215,-0.133911835,40,-20,10,2,20.3
0.516483516483517,0.54681506,25.615765,49.355273,0.18,49.421074,0.00036130914,1.9249932,0.00084496247,0.053517992,0.00012280217,1.622845,0.156278545720178,-0.298823785,-0.147017635,40,-19.999922,7.4522566,-1.9999998,20.3
0.517482517482518,0.87474445,20,52.955743,0.39357623,108.63698,25.734502,2.4576251,7.5215773e-10,0.14365076,7.9602986e-11,3.1849245,0.751980369283483,0.0788876555,-0.0956656745,5.5541889,-20,3.8708328,-2,20.3
0.518481518481518,0.69050966,23.733693,45.594077,0.26309536,72.735519,5.1054757,1.7007889,1.3191204e-08,0.11840666,2.2274285e-14,1.9474527,0.401282718924241,-0.1080695,-0.21514716,30.641679,-20,5.977665,-2,20.3
0.519480519480519,0.84039037,20,60.81027,0.4542242,119.69635,26.867047,2.2946021,9.2264001e-11,0.14951337,1.4984185e-11,3.5,0.852512983394013,0.376158735,-0.042479235,9.5384329,-20,10,-1.9999997,20.3
0.520479520479521,0.9,20,63.610466,0.40924853,120,31.97204,2.7567036,2.236906e-14,0.15712883,2.2345193e-14,3.5,0.817872137581733,0.840709585,-0.159288815,31.324522,-20,10,-2,20.3
0.521478521478521,0.9,20,54.08033,0.28788555,114.00318,24.594107,2.4316555,3.9007828e-11,0.12893606,1.9861025e-12,2.8953143,0.396924250546413,0.180588575,-0.054358285,25.555648,-20,3.5465556,-1.9999941,20.3
0.522477522477522,0.89999966,20.000353,54.274629,0.37662307,101.82736,22.625243,2.4075705,8.5573306e-07,0.1325611,2.9055019e-11,2.5658435,0.785715847641407,-0.56788406,-0.24577391,0.68023438,-20,1.8519024,-2,20.3
0.523476523476524,0.9,20.000002,54.075129,0.36980512,105.70279,23.215168,2.4010295,2.9761067e-14,0.13256843,1.0546139e-07,2.6871544,0.622903223195475,-0.358603535,-0.175867515,0.62868264,-20,0.50324335,-1.9998558,20.3
0.524475524475524,0.88047407,20,53.219408,0.34292194,98.436141,21.24643,2.3177088,1.1803163e-08,0.13307097,2.2133483e-12,2.5861616,0.619565160008726,-0.420625255,-0.216438285,9.4901744e-09,-20,-3.130664,-2,20.3
0.525474525474525,0.88911058,20,49.37528,0.36086482,84.443059,19.354407,2.2429497,3.9757003e-09,0.1306934,1.6195362e-10,2.1113764,0.473600959407161,-0.4442671775,-0.3466380825,6.222867e-09,-20,-9.9996321,-2,20.3
0.526473526473527,0.88736163,20,49.126419,0.36178144,81.804602,19.209006,2.2349837,2.6756815e-09,0.1334024,1.0548694e-08,2.0984228,0.444590098299679,-0.396336388,-0.336448162,2.1155909e-07,-20,-9.9999657,-1.9999995,20.3
0.527472527472527,0.89999997,20,52.846359,0.37627399,101.64903,22.389763,2.3556021,6.9782773e-08,0.13377287,1.2896275e-10,2.5950633,0.559233416073996,-0.272189876,-0.184512934,0.0043246619,-20,-2.8514453,-1.9999885,20.3
0.528471528471528,0.89999974,20,52.238197,0.37614512,92.650999,20.695472,2.3093761,1.5103435e-07,0.12741278,3.9308417e-10,2.3454609,0.642402790813611,-0.493191945,-0.307146585,0.00055018036,-20,-4.5229133,-1.9999715,20.3
0.529470529470529,0.89999219,20,53.581657,0.37994221,98.55071,22.103989,2.3731107,3.2091839e-06,0.12607639,2.4773919e-11,2.454182,0.710978958926139,-0.49846589,-0.2729436,0.060726898,-20,-0.49308426,-1.9999999,20.3
0.53046953046953,0.89855376,20,52.51861,0.37264159,93.046874,21.092435,2.3323209,4.1284555e-08,0.12497106,2.7960777e-09,2.2809865,0.651526382118831,-0.517958885,-0.328572885,8.9249323e-08,-19.999999,-3.8442387,-2,20.3
0.531468531468531,0.89508848,20,51.790756,0.36722695,88.891691,20.386458,2.318808,6.2106037e-07,0.12716457,9.9708045e-10,2.1447308,0.668798750623417,-0.592269745,-0.384971775,5.9144869e-09,-20,-4.3099017,-1.9999997,20.3
0.532467532467532,0.89998659,20.00001,53.461725,0.36762053,100.2975,22.675307,2.3877084,1.3924355e-06,0.13530141,3.2470629e-08,2.4996547,0.573352037068392,-0.3522469135,-0.2624085765,2.7390396e-07,-20,-2.8480789,-2,20.3
0.533466533466533,0.9,20,56.016744,0.37467642,109.83712,25.427807,2.5101253,2.3454962e-09,0.14205072,7.6821999e-12,2.8193797,0.674300975458014,-0.286533635,-0.127607725,1.240416e-12,-20,4.3290594,-2,20.3
0.534465534465534,0.89999996,20,58.000635,0.3827157,116.78962,27.650974,2.6099968,9.0885078e-09,0.15034427,1.1234336e-08,3.1034042,0.710864544603397,-0.17344675,-0.04466168,3.2904658e-08,-20,9.9703847,-2,20.3
0.535464535464535,0.8999975,20,57.947421,0.38428198,117.2127,27.650386,2.5922177,2.2976643e-10,0.14995763,4.4214831e-13,3.1041343,0.67605000349539,-0.1139139055,-0.0399576245,0.00074756245,-20,9.2955105,0.024991755,20.3
0.536463536463537,0.89999982,20,57.310087,0.38322775,114.75107,27.111453,2.565476,1.35612e-07,0.14721041,2.1627945e-11,3.0202242,0.639397260585172,-0.071836076,-0.051738014,2.3820465e-06,-20,7.6626453,-1.8952821,20.3
0.537462537462537,0.89999728,20,55.83815,0.37720304,108.11683,25.293166,2.4986896,2.6749565e-07,0.14448672,4.0353559e-10,2.8239177,0.653711628451018,-0.231357875,-0.106773765,1.2823589e-08,-20,4.599158,-1.9999999,20.3
0.538461538461538,0.9,20,55.767745,0.38281653,107.42068,25.240904,2.4959805,2.495574e-10,0.14511504,2.1318482e-11,2.8444418,0.656010081503689,-0.213872962,-0.120505828,7.6072996e-08,-20,4.5716486,-1.9993393,20.3
0.53946053946054,0.89998965,20,52.104373,0.37032978,89.180444,21.597884,2.3579838,2.8555074e-08,0.13743365,2.1800295e-11,2.3250264,0.636718536620268,-0.46894669,-0.31861844,9.50005e-08,-20,-3.9094312,-2,20.3
0.54045954045954,0.9,20,56.753755,0.37869466,114.04359,26.129519,2.4969067,1.2664048e-09,0.14698973,3.6440046e-14,2.9847549,0.585312364120731,-0.037636137,-0.082363973,6.4991042e-08,-20,6.1491818,2,20.3
0.541458541458541,0.89999856,20,57.073673,0.37796433,114.2148,26.551914,2.5445989,3.2750279e-07,0.1453856,7.7928478e-11,2.9340796,0.66545659021488,-0.165784083,-0.069166367,1.0615833e-05,-20,9.179594,0.68549856,20.3
0.542457542457542,0.9,20,56.860814,0.38349097,110.20953,25.871303,2.5061653,1.1074351e-07,0.14379784,2.6386901e-12,2.9075996,0.647113851494277,-0.1519105795,-0.0980115305,7.3929908e-06,-20,7.0198622,1.9999997,20.3
0.543456543456543,0.9,20,56.904579,0.37782714,110.47616,26.34184,2.5256891,7.8480792e-09,0.14565297,2.7135005e-14,2.9379029,0.622781688820932,-0.1152944305,-0.0788690895,4.052992e-05,-20,5.7435055,2,20.3
0.544455544455544,0.89999947,20,55.10616,0.38607078,96.457187,23.675166,2.4362237,1.6032937e-07,0.14094691,1.2939099e-09,2.660619,0.73099866274304,-0.380140535,-0.206620075,9.7853825e-06,-19.99998,2.0783535,1.9999017,20.3
0.545454545454545,0.891368,20,53.766037,0.37665754,89.765632,21.725474,2.3789364,6.1273103e-07,0.13359585,1.6118967e-10,2.3337267,0.772639946664358,-0.56346326,-0.3275355,5.4137131e-05,-20,-1.5627552,0.15520898,20.3
0.546453546453546,0.84775914,20,52.314017,0.36785427,85.024657,19.329693,2.2993788,1.6501518e-06,0.12738147,9.2339798e-12,1.924113,0.858878857878809,-0.783045365,-0.216954635,0.093822726,-20,-3.5170086,-1.5659652,20.3
0.547452547452547,0.8455491,20,62.581722,0.39573063,119.99999,33.104153,2.8723783,1.4139877e-11,0.13045912,3.6696042e-14,3.2279688,0.960787153987789,-0.0963614419,0.0888740681,11.846077,-20,10,2,20.3
0.548451548451548,0.9,20,53.543325,0.35714065,83.877586,22.257581,2.3565298,2.8349233e-10,0.081859452,3.4571363e-08,2.7431329,0.355417748590791,0.31028719,-0.18129081,40,-13.604813,10,2,20.3
0.549450549450549,0.69039896,25.72103,53.526173,0.33803726,2.6907691,8.1801386e-14,2.327472e-14,1.274668e-08,0.10776994,0.092293836,3.5,0.355823403290503,0.537787085,-0.256331655,40,-20,10,-2,20.3
0.55044955044955,0.65835531,29.608975,56.191833,0.18,2.2411395e-14,2.2410054e-14,2.2403428e-14,7.8412291e-05,0.15354077,2.240467e-14,3.5,0.385930745955227,1,0,40,-20,10,2,20.3
0.551448551448551,0.62811459,27.295258,55.816597,0.18,4.3620822e-14,4.3516612e-14,4.3567507e-14,0.00016908037,0.13378675,4.3179332e-14,3.5,0.321775404485471,0.93072073,-0.06927927,40,-20,10,2,20.3
0.552447552447552,0.7006908,24.488771,53.354022,0.18,1.6381762,2.0092919e-11,5.1462752e-11,0.00045142616,0.07115226,1.1422781e-11,3.1065097,0.171745760893349,0.36218631,-0.21252302,40,-20,10,-2,20.3
0.553446553446553,0.82117685,23.395727,50.221645,0.18,42.413042,1.8475741e-11,1.6843525,0.00054600091,0.057586932,2.2575189e-14,1.6916657,0.113441264559881,-0.35253895,-0.13090917,37.728023,-19.999994,7.369355,-0.6124254,20.3
0.554445554445554,0.83381792,23.13245,48.428223,0.18,29.999817,9.9998683,1.9999958,0.001999987,0.0019579791,0.099999032,1.5000009,2.2338131345167e-10,-0.35000664,-0.14999912,33.869824,-10.260513,10,2,20.3
0.555444555444555,0.8955419,24.209016,45.877806,0.18,29.99998,9.9999867,1.9999998,0.0020001802,0.0032392163,0.099999947,1.4999999,1.12743148150697e-12,-0.350004985,-0.149999215,16.632597,-20,2.1915402,0.11192355,20.3
0.556443556443556,0.86897544,25.088994,48.032448,0.18,42.449854,2.4362103e-14,1.0942131,2.9488562e-06,0.10289198,2.2256475e-14,1.7804195,0.117815173269051,-0.071872265,-0.179097845,28.979597,-20,3.8576898,-2,20.3
0.557442557442557,0.84033235,22.641204,49.904105,0.22584795,52.472645,7.6276833,1.6283821,5.8348493e-09,0.099697265,2.0980283e-09,2.0503218,0.228431860347057,0.11613362,-0.22628626,22.553763,-19.999998,1.0323633,-2,20.3
0.558441558441558,0.88674443,20,53.202824,0.39781115,72.900281,19.649551,2.3027741,1.6611474e-09,0.071140318,0.019854267,2.0300298,0.633900086956345,-0.45543768,-0.29680914,40,-20,10,2,20.3
0.559440559440559,0.9,20,56.883306,0.39083827,99.852851,22.220406,2.3261282,2.9784827e-11,0.075199452,0.21780533,2.6980394,0.530507228171085,0.039808713985,-0.040734548015,40,-20,10,2,20.3
0.56043956043956,0.9,20,56.864774,0.38994052,99.703824,23.601792,2.4374527,1.261446e-10,0.076118181,0.14592844,2.5798046,0.633576517995017,-0.176929105,-0.031055625,40,-20,10,2,20.3
0.561438561438561,0.9,20,52.929071,0.38330377,72.899965,18.122475,2.2727386,7.6880475e-10,0.060461759,0.41797417,1.9207182,0.631831729228569,-0.472091795,-0.275007815,40,-20,10,2,20.3
0.562437562437562,0.9,20,55.753314,0.41114947,110.82922,21.825956,2.3015678,1.5381614e-08,0.098627796,4.2332015e-10,2.7717591,0.58166446311116,0.001469373,-0.073621393,39.999998,-20,10,2,20.3
0.563436563436563,0.9,24.109035,59.029591,0.30522817,110.63783,6.861433,1.3200674,2.2364127e-14,0.11027838,2.2385247e-14,3.5,0.419545740316747,1,0,40,-20,10,-1.968333,20.3
0.564435564435564,0.9,26.674178,48.878646,0.33642984,92.721596,5.8682466e-07,0.41859428,9.0611792e-08,0.1334278,9.3705356e-09,3.228976,0.322331173418166,0.529846925,-0.272752675,40,-20,10,-2,20.3
0.565434565434565,0.73890266,25.904108,46.947064,0.24472656,3.7618031,5.8663097e-14,1.6101349e-13,1.7251652e-11,0.13924668,2.2470285e-14,3.1675486,0.224205441968761,0.430051625,-0.266767515,40,-20,10,-2,20.3
0.566433566433566,0.9,30.089273,47.804552,0.18,3.6180655,2.8326176e-14,3.0488268e-14,2.2444382e-14,0.09107503,2.2460132e-14,3.5,0.138859514837041,0.8957434,-0.1042566,40,-20,1.3378757,-2,20.3
0.567432567432567,0.9,38.580172,56.920576,0.18,1.8048282e-13,2.9789341e-14,3.547345e-14,2.2220106e-14,2.220446e-14,3.2004115e-14,3.5,0.0211391183236861,0.999999985,1.50000000198602e-08,1.4645874e-06,-20,-10,-2,20.3
0.568431568431568,0.9,38.475143,55.999292,0.18,29.994541,9.9973484,1.9994751,0.0019999876,0.0019998425,0.099999557,1.500636,1.11577413974829e-13,-0.349606165,-0.149606035,2.220446e-14,-20,-10,-2,20.3
0.569430569430569,0.9,22.640112,48.847278,0.18,29.998074,9.9999637,1.9999965,0.002,0.0019999995,0.099999998,1.5001078,1.11022302462517e-13,-0.35018588,-0.14984493,2.2204802e-14,-8.7609712,-10,-2,20.3
0.57042957042957,0.9,22.447709,48.316493,0.18,29.999999,10,2,0.002,0.002,0.1,1.5000001,1.11022302462517e-13,-0.350000455,-0.149999555,2.2204474e-14,3.299769,-10,-2,20.3
0.571428571428571,0.9,21.446077,45.229876,0.18,29.998241,10,2,0.0020000062,0.0021901582,0.1,1.5,1.11022302462517e-13,-0.350032195,-0.149987885,2.2204731e-14,19.999985,-10,-2,20.3
0.572427572427572,0.9,20.949131,44.564578,0.18,29.999804,10,2,0.002,0.0019999999,0.1,1.5,1.11022302462517e-13,-0.3500054,-0.14999586,2.2204519e-14,18.396341,-10,-2,20.3
0.573426573426573,0.84300078,21.59324,46.098471,0.18,56.276311,11.11414,1.8114139,8.7412788e-08,0.11042106,1.3401139e-09,1.7533786,0.177620831843419,-0.338708405,-0.164331505,0.54566027,-20,-10,-2,20.3
0.574425574425574,0.89228137,20.550482,49.350328,0.18,81.158665,17.265608,1.9845806,4.0858447e-08,0.10219915,3.9292763e-12,2.3710106,0.361804638701485,0.078613845,-0.204553155,23.138331,-20,1.1909876,-2,20.3
0.575424575424575,0.9,22.49342,48.809074,0.18,58.590452,9.4367968,1.7581655,8.3629205e-10,0.077992836,4.5662496e-09,2.0232336,0.213804557736344,0.063046604,-0.129941356,40,-19.999991,10,-2,20.3
0.576423576423576,0.75382055,20,55.147936,0.24329415,73.969825,13.909647,2.1206021,1.8021954e-09,0.042779514,0.63899106,1.4906719,0.316415725925689,-0.333137168,-0.262752232,40,-20,10,2,20.3
0.577422577422577,0.71273458,20,55.241472,0.23623702,81.42746,13.456086,2.1168875,0.0017209718,0.038198651,0.86803834,1.257202,0.48281426636111,-0.999999745,-2.04999999975364e-07,40,-20,10,2,20.3
0.578421578421578,0.6960369,20,54.058373,0.2170228,76.704953,13.427704,2.1130848,0.0019991378,0.047704924,0.6865816,1.3108503,0.452628992156984,-0.9999999,-8.00000000134027e-08,40,-20,10,2,20.3
0.579420579420579,0.6993408,20,53.957564,0.2281138,79.251483,13.634201,2.1197555,0.0024338912,0.03997467,0.7132927,1.2844598,0.385514307960869,-0.999999985,-1.50000000198602e-08,40,-20,10,2,20.3
0.58041958041958,0.68855664,20,54.417825,0.21821233,81.828031,13.600611,2.1181769,0.0030878451,0.03969248,0.73761726,1.2736838,0.355688116976699,-0.99999999,-9.99999999473644e-09,40,-19.999999,10,2,20.3
0.581418581418581,0.71240838,20,54.071558,0.23283506,81.59921,13.825735,2.1251196,0.0026151431,0.039173631,0.70197591,1.2919099,0.361099863119646,-0.99999965,-3.199999999981e-07,40,-20,10,2,20.3
0.582417582417582,0.71453368,20,54.318332,0.22344273,82.4767,13.735181,2.1225175,0.0028980293,0.03748215,0.75523533,1.2894879,0.370970123896099,-0.99995542,-4.42900000000024e-05,40,-19.998718,10,2,20.3
0.583416583416583,0.70445236,20,54.658524,0.22764921,84.29331,13.587569,2.1186339,0.0029121841,0.033613118,0.83859738,1.2537867,0.333922337606742,-0.99999726,-2.57999999997427e-06,40,-19.999998,10,2,20.3
0.584415584415584,0.71844359,20,54.499389,0.24813393,85.465544,14.066094,2.1322943,0.00346328,0.041528728,0.81026362,1.2571366,0.394405626191856,-0.99996781,-3.21899999999875e-05,40,-20,10,2,20.3
0.585414585414585,0.70872649,20,54.594808,0.24530565,86.052787,14.043159,2.1316148,0.0039060095,0.040713969,0.82539605,1.2358247,0.373110493778476,-0.99999997,-2.99999999842093e-08,39.999999,-19.999921,9.9999998,2,20.3
0.586413586413586,0.69807193,20,54.821018,0.24728374,86.993758,14.105905,2.1339242,0.0045188549,0.041574412,0.83615527,1.2131102,0.406535132522633,-0.99999999,0,40,-19.999962,9.9999999,2,20.3
0.587412587412587,0.73039544,20,53.421106,0.26378711,80.572241,14.482379,2.1440682,0.0035342292,0.051913074,0.62030306,1.2946811,0.456823308538383,-1,0,40,-20,10,2,20.3
0.588411588411588,0.72692712,20,53.341277,0.25782354,79.184032,14.277703,2.1376516,0.0028380211,0.046910588,0.58666026,1.3198952,0.437254724290793,-0.99999997,-1.99999999894729e-08,39.99995,-19.999953,9.9999961,2,20.3
0.589410589410589,0.68838406,20.000001,54.634997,0.2212918,80.131106,13.558171,2.1187676,0.0028779909,0.039684501,0.71883507,1.2857975,0.42315373741754,-1,0,39.999995,-19.999998,10,2,20.3
0.59040959040959,0.65055493,20,55.552714,0.18012117,81.084284,12.979209,2.1033331,0.0029176136,0.03429924,0.80685743,1.2622937,0.373901569854946,-1,0,40,-20,10,2,20.3
0.591408591408591,0.67167555,20,54.402531,0.18,81.940136,13.215223,2.1099247,0.006643944,5.6242539e-09,0.74102971,1.1535756,0.171012032915766,-1,0,40,-20,10,2,20.3
0.592407592407592,0.69811907,20,53.863642,0.18,80.048716,13.031929,2.1039403,0.0052977248,3.7606588e-14,0.73311163,1.166525,0.150868215537288,-1,0,40,-20,10,2,20.3
0.593406593406593,0.73623211,20,53.115696,0.18,79.255948,12.993142,2.1021294,0.0037023077,3.6410274e-14,0.75938763,1.1806564,0.126188332901567,-1,0,40,-18.549333,10,2,20.3
0.594405594405594,0.74826402,20,53.474559,0.18,83.070807,13.059786,2.1046669,0.004422377,4.6647116e-11,0.85343839,1.1893185,0.171839248430236,-1,0,40,-14.598375,10,2,20.3
0.595404595404595,0.74856026,20.000004,53.87464,0.18,84.398873,13.038146,2.1037755,0.0053864819,1.3119402e-13,0.89963666,1.1917527,0.225775746491894,-1,0,39.999978,-11.848162,9.9999936,2,20.3
0.596403596403596,0.72856075,20.000001,54.636835,0.18000001,82.667572,12.811166,2.0988738,0.0054925519,0.002481845,0.8291517,1.2643177,0.27410514767286,-1,0,39.999999,-11.14132,9.9999992,2,20.3
0.597402597402597,0.7240472,20,54.730287,0.18,83.809603,13.008582,2.1049439,0.0067662884,0.00033790779,0.84062183,1.2320023,0.267069907278237,-0.99999987,-1.29999999987085e-07,40,-10.934972,10,1.9999998,20.3
0.598401598401598,0.72061524,20.000001,55.082799,0.18,82.653924,12.91523,2.1026775,0.005596595,0.0022180546,0.81708221,1.277641,0.293963470979766,-1,0,39.999994,-10.018331,9.9999991,2,20.3
0.599400599400599,0.72977354,20.000001,54.404676,0.18,84.377414,13.218487,2.1110503,0.0063080524,4.7354195e-11,0.86068714,1.2213663,0.267828181536351,-0.999999945,-5.4999999998806e-08,39.999996,-14.555986,9.9999982,2,20.3
0.6003996003996,0.7227619,20,55.398546,0.18,77.248425,12.99384,2.1083873,0.00069468819,0.01779671,0.60782539,1.4853949,0.39968410931485,-0.91594503,-0.08405497,40,-20,10,2,20.3
0.601398601398601,0.71288372,20,55.614065,0.1892184,76.781078,12.820983,2.1016822,0.0004783372,0.020836998,0.62747158,1.4492608,0.387546434977142,-0.8390519,-0.1609481,39.999999,-20,10,2,20.3
0.602397602397602,0.71021956,20,55.988628,0.18694077,76.786695,12.361402,2.0881741,0.00099651946,0.018294989,0.708438,1.4238367,0.463434574870789,-0.99999974,2.5999999997417e-07,40,-19.999959,9.9999999,2,20.3
0.603396603396603,0.75154383,20.000001,56.733024,0.18,79.643817,11.444067,2.0629559,0.00042288276,0.0089636919,0.89806396,1.4336258,0.428861670057117,-0.92128805,-0.07871195,40,1.5948326,10,2,20.3
0.604395604395604,0.83967569,20,55.354289,0.18,86.346964,12.149744,2.0813113,0.0060241239,8.940374e-11,0.97255015,1.3959385,0.384941654342448,-1,0,40,13.557074,10,2,20.3
0.605394605394605,0.73662791,20,54.713482,0.18,86.344934,13.003711,2.1024321,0.0046536564,5.2841464e-13,1.0292112,1.1528948,0.267842719819041,-1,0,40,-0.86478921,10,2,20.3
0.606393606393606,0.72715052,20,54.546796,0.18,84.746033,13.094323,2.1050358,0.0038754202,2.5745519e-12,0.97286225,1.1528473,0.250190128624554,-1,0,40,-1.4876869,10,2,20.3
0.607392607392607,0.73006582,20,54.725872,0.18,86.437038,13.127378,2.1063959,0.0045983989,2.2276327e-14,0.98394165,1.1588065,0.243074821589111,-1,0,40,-3.8193514,10,2,20.3
0.608391608391608,0.77615164,20,54.379937,0.18,87.525501,13.186364,2.1104544,0.0043135976,4.8460604e-11,0.95077599,1.2626219,0.29155556677302,-0.999999995,5.0000000251238e-09,40,-2.582273,10,2,20.3
0.609390609390609,0.76793145,20,54.29968,0.18,83.905181,13.016541,2.1053121,0.0067036533,3.7124334e-08,0.78432126,1.3351087,0.315534606495669,-1,0,40,-13.624182,10,2,20.3
0.61038961038961,0.74205249,20,54.869933,0.18,78.900398,12.849038,2.1010934,0.0025166659,0.0086566371,0.64672274,1.4750754,0.385958886368318,-0.99999979,6.99999999631551e-08,40,-19.401862,9.9999999,2,20.3
0.611388611388611,0.75431588,20.000001,54.273249,0.18,76.435632,12.803129,2.098819,0.0024593159,0.0063599862,0.51684184,1.541343,0.385377033178064,-0.999997575,2.42499999997259e-06,39.999991,-18.799223,9.9999902,2,20.3
0.612387612387612,0.72343261,20,55.099884,0.1914543,77.31361,13.373262,2.1145296,0.00034089259,0.019727245,0.61278946,1.4652689,0.331981522077208,-0.74337585,-0.22788386,40,-19.999992,10,2,20.3
0.613386613386613,0.72014272,20.000003,54.562617,0.18,76.823249,13.347994,2.1141244,0.003586283,0.0093707216,0.50515121,1.4851163,0.419335242424472,-0.999999685,2.55000000004557e-07,39.999996,-20,9.9999998,2,20.3
0.614385614385614,0.73679002,20,54.611407,0.18,76.173224,13.147899,2.1063325,0.0027066241,0.014778421,0.46451742,1.528669,0.463469671804874,-0.999999995,5.0000000251238e-09,40,-19.999915,10,2,20.3
0.615384615384615,0.8296529,20,53.852183,0.26197989,91.506533,18.307682,2.239828,7.8973197e-08,0.067689565,0.054503493,1.9937501,0.532676694128633,-0.567624335,-0.243097825,40,-20,10,2,20.3
0.616383616383616,0.85793104,20,54.047666,0.26477398,89.289883,19.752005,2.2913488,2.1792226e-09,0.091069845,6.5759871e-13,2.4047425,0.685517166719766,-0.5574313,-0.17349699,40,-20,10,2,20.3
0.617382617382617,0.83533302,20,53.139209,0.346556,75.074742,19.155857,2.3346857,6.1684771e-07,0.069573171,2.5870473e-14,2.0444417,1.02286484719549,-0.798922785,-0.201077205,40,-20,9.9999998,2,20.3
0.618381618381618,0.61690005,20,50.544574,0.25425424,64.173149,14.545477,2.0362978,2.2859766e-09,0.09996704,2.2373284e-14,1.7871965,0.760057455951718,-0.81385609,-0.18614391,10.466128,-20,-6.3660681,-2,20.3
0.619380619380619,0.73665898,20,49.813384,0.25554324,70.557223,15.351657,2.0498186,1.2466085e-07,0.10351652,7.3975079e-11,2.0911503,0.422565858704558,-0.307978895,-0.205042385,17.702169,-20,-2.9287255,-1.9999999,20.3
0.62037962037962,0.68209068,21.571946,50.458899,0.18,50.959589,8.703519,1.8629656,2.71646e-07,0.092973189,2.3603744e-14,1.8395578,0.418986357008404,-0.71655257,-0.20586944,22.016565,-20,-3.5771392,-2,20.3
0.621378621378621,0.68484512,21.586282,48.962619,0.18,43.598773,8.5478972,1.9046186,0.0015526845,0.071537455,4.0297606e-08,1.5732711,0.319482553685129,-0.994310465,-0.00568953500000002,11.878724,-20,-8.9963752,-2,20.3
0.622377622377622,0.68680724,21.989213,49.652039,0.18,43.238076,8.1388983,1.9035938,0.0011248845,0.069883026,9.2351609e-08,1.6137131,0.365973254485234,-0.942150905,-0.057849095,16.215475,-19.999807,-7.3215478,-1.9998952,20.3
0.623376623376623,0.67285269,20.521776,50.986067,0.18,48.941491,8.9273542,1.9162726,3.6945361e-06,0.077455437,1.1891752e-07,1.8885644,0.210258120816744,-0.216890409,-0.150552451,19.485576,-19.999753,-5.1887563,-1.9998983,20.3
0.624375624375624,0.67093666,20,52.456615,0.20152809,59.657308,12.634988,2.0730089,5.9067529e-07,0.074235499,2.7226569e-09,1.8878675,0.247100118696654,-0.1759018177,-0.1675996723,27.860082,-20,-1.0953751,2,20.3
0.625374625374625,0.71587714,20,51.404422,0.25412733,65.012321,15.537699,2.1811111,1.6752693e-08,0.069741512,2.4995034e-10,1.7320176,0.273938093748978,-0.2461847995,-0.2097342605,28.036333,-20,-1.0338095,2,20.3
0.626373626373626,0.72529453,20,51.434354,0.26545587,66.12831,16.208654,2.2011723,3.7545558e-07,0.072503704,1.2232722e-09,1.744942,0.305529313283675,-0.271103616,-0.221463914,26.051291,-20,-1.369747,2,20.3
0.627372627372627,0.65498291,20,52.870438,0.18,53.103044,12.325463,2.0759166,4.4682135e-07,0.060230137,5.6019836e-14,2.0432265,0.263473405672914,-0.318370965,-0.116593285,23.037688,-20,-5.8527537,2,20.3
0.628371628371628,0.65952681,20.003582,52.002776,0.18017694,53.01616,10.831363,1.9858322,0.00088106827,0.068179959,2.3179266e-05,1.9490431,0.278163342496037,-0.45936877,-0.1443001,17.305162,-19.948168,-7.7186228,1.999051,20.3
0.629370629370629,0.647758,20,52.861962,0.18,55.793006,11.34143,1.9905737,3.3862665e-07,0.087282241,2.3675089e-13,1.9830421,0.325890305331543,-0.380406925,-0.151315625,24.41798,-20,-2.0199405,2,20.3
0.63036963036963,0.69554206,20,51.496293,0.25975293,67.29975,15.323582,2.1499557,2.3370667e-07,0.080002755,7.4499434e-12,1.6877202,0.388457527501369,-0.51306167,-0.26463402,23.615537,-20,-0.72964494,2,20.3
0.631368631368631,0.69544642,20,51.168602,0.27551695,66.666701,15.750519,2.1683337,2.7142713e-06,0.078547932,1.0643923e-13,1.6169606,0.412030104247353,-0.565631275,-0.289109355,22.213636,-20,-1.5342145,1.9999999,20.3
0.632367632367632,0.72060588,20.000002,50.459298,0.29285131,69.981551,16.544925,2.1970678,0.00079061099,0.080448262,9.4569689e-07,1.5345791,0.504824292537006,-0.66100998,-0.33897497,20.956103,-19.999916,-1.8347453,1.8693091,20.3
0.633366633366633,0.67767704,20.000009,51.535315,0.25130151,64.107009,15.326999,2.1619212,0.00045996765,0.081907879,7.5923547e-05,1.5923426,0.481987226816816,-0.700124765,-0.299874035,26.235137,-19.99987,-0.095965003,2,20.3
0.634365634365634,0.64801547,20.006423,53.258842,0.197673,51.191553,13.625013,2.1006461,4.5977168e-06,0.077136597,0.00082774946,1.7927301,0.481085026231294,-0.680452065,-0.198541335,31.636781,-19.890848,0.94822279,2,20.3
0.635364635364635,0.78650846,20.000001,52.224719,0.3792032,77.521097,17.059673,2.0940112,4.1415055e-13,0.10134543,7.1803404e-10,2.1489538,0.534286342835747,-0.488328015,-0.301961855,7.6765361,-19.999951,-8.1318459,2,20.3
0.636363636363636,0.78987221,22.866494,50.386066,0.21902786,56.089507,5.7487936,1.4782958,1.1849127e-08,0.098402221,4.5083269e-09,2.2857023,0.232989951945654,-0.038518045,-0.182525295,14.07503,-20,-6.9808896,-2,20.3
0.637362637362637,0.6631615,23.683346,44.400417,0.18,29.999947,10,2,0.0020002168,0.0032558135,0.1,1.5,1.11022302462517e-13,-0.350000045,-0.150000005,1.8354775e-09,8.5265387,3.1870289,-2,20.3
0.638361638361638,0.65290818,23.093383,44.287503,0.18,30,10,2,0.0020000042,0.0031522008,0.1,1.5,1.11022302462517e-13,-0.35,-0.15,2.2424514e-14,6.8329458,2.3783614,-2,20.3
0.639360639360639,0.62107482,22.581349,44.789822,0.18,30,10,2,0.0020000061,0.002896056,0.1,1.5,1.11022302462517e-13,-0.35,-0.15,2.2452218e-14,2.6997635,0.19029793,-2,20.3
0.64035964035964,0.64107738,22.914934,44.493766,0.18,30,10,2,0.0020000042,0.0028185938,0.1,1.5,1.11022302462517e-13,-0.35,-0.15,2.220452e-14,2.6979748,0.12986131,-2,20.3
0.641358641358641,0.67006566,22.607876,44.139075,0.18,29.999976,10,2,0.0020000082,0.0031994596,0.1,1.5,1.11022302462517e-13,-0.350000005,-0.149999995,2.5880762e-14,2.864479,0.43508392,-2,20.3
0.642357642357642,0.68175925,22.366869,44.029297,0.18,29.999869,10,2,0.0020000441,0.0032669877,0.1,1.5,1.11022302462517e-13,-0.350000025,-0.149999995,2.7606737e-14,2.9818183,0.18465042,-2,20.3
0.643356643356643,0.6823902,22.339482,43.941035,0.18,29.999789,10,2,0.0020000534,0.0033275593,0.1,1.5,1.11022302462517e-13,-0.350000035,-0.149999995,2.6947052e-14,1.4489543,0.11420635,-2,20.3
0.644355644355644,0.68267694,22.387458,43.9307,0.18,29.999807,10,2,0.0020000599,0.0033610254,0.1,1.5,1.11022302462517e-13,-0.35000004,-0.15,3.7066419e-14,1.58028,-0.51393666,-2,20.3
0.645354645354645,0.69263261,22.740893,43.948568,0.18,30,10,2,0.0020000003,0.0026407403,0.1,1.5,1.11022302462517e-13,-0.35,-0.15,2.220446e-14,0.25355132,-0.99431107,-2,20.3
0.646353646353646,0.68783617,22.844869,44.129939,0.18,30,10,2,0.0020000006,0.0027816635,0.1,1.5,1.11022302462517e-13,-0.35,-0.15,2.2204461e-14,0.42574641,-0.8802955,-2,20.3
0.647352647352647,0.68125858,22.94963,44.185478,0.18,29.999942,10,2,0.002000081,0.003375361,0.1,1.5,1.11022302462517e-13,-0.350000025,-0.150000005,6.8344006e-14,0.77860895,-0.36783252,-2,20.3
0.648351648351648,0.68617362,22.801925,44.138693,0.18,30,10,2,0.002,0.0026227513,0.1,1.5,1.11022302462517e-13,-0.35,-0.15,2.220446e-14,-1.1642078,-1.6286959,-2,20.3
0.649350649350649,0.69273472,22.485697,44.459369,0.18,29.999719,10,2,0.0020002227,0.0033584665,0.1,1.5,1.11022302462517e-13,-0.350000165,-0.149999985,3.3010716e-14,-5.1342822,-3.9978377,-2,20.3
0.65034965034965,0.66559496,23.113814,45.497195,0.18,29.99981,9.9999945,1.9999995,0.002000014,0.0025026591,0.099999739,1.4999993,2.02682315375979e-11,-0.350004575,-0.149999865,1.5055299e-11,-20,-8.9562095,-2,20.3
0.651348651348651,0.64494034,23.125896,45.917631,0.18,30,10,2,0.0020000002,0.0026352728,0.099999999,1.5,1.11577413974829e-13,-0.35000001,-0.15,2.2248256e-14,-20,-10,-2,20.3
0.652347652347652,0.62997577,23.035064,46.065532,0.18,29.999552,9.9999967,1.9999996,0.0020000782,0.0029012832,0.099999808,1.4999997,2.94353430519734e-11,-0.35000726,-0.15000019,0.061031875,-19.999991,-9.0863758,-2,20.3
0.653346653346653,0.63273548,22.826805,45.747223,0.18,29.998796,9.9999999,1.9999998,0.0020002527,0.0029755647,0.099999932,1.5,1.11577413974829e-13,-0.35000388,-0.15000003,0.0019431368,-18.954472,-7.0197344,-1.9999999,20.3
0.654345654345654,0.64900989,22.877168,45.27527,0.18,30,10,2,0.002,0.002534965,0.1,1.5,1.11022302462517e-13,-0.35,-0.15,4.6839816e-12,-20,-6.6200542,-2,20.3
0.655344655344655,0.66488902,22.934681,44.682995,0.18,30,10,2,0.002,0.0024952862,0.1,1.5,1.11022302462517e-13,-0.35,-0.15,2.2207647e-14,-11.843858,-4.531927,-2,20.3
0.656343656343656,0.67082409,23.043736,44.480767,0.18,30,10,2,0.0020000001,0.0027642259,0.1,1.5,1.11022302462517e-13,-0.35,-0.15,2.2204671e-14,-11.152424,-3.5255503,-2,20.3
0.657342657342657,0.67374828,23.312305,44.297195,0.18,30,10,2,0.0020000001,0.0029280358,0.1,1.5,1.11022302462517e-13,-0.35,-0.15,2.220447e-14,-9.9089761,-4.254452,-2,20.3
0.658341658341658,0.66899134,23.36673,44.329864,0.18,30,10,2,0.002,0.0025023246,0.1,1.5,1.11022302462517e-13,-0.35,-0.15,2.2204461e-14,-8.4816368,-3.8088935,-2,20.3
0.659340659340659,0.65530173,23.353935,44.614049,0.18,29.999964,10,2,0.0020000189,0.0033123679,0.1,1.5,1.11022302462517e-13,-0.350000015,-0.149999995,2.2330665e-14,-10.517389,-4.139919,-2,20.3
0.66033966033966,0.62122207,23.318897,45.591575,0.18,29.99993,10,2,0.002000369,0.0029445122,0.1,1.5,1.11022302462517e-13,-0.35000013,-0.15000002,1.4308863e-08,-11.29307,-3.9388694,-2,20.3
0.661338661338661,0.63950411,23.378922,45.171254,0.18,30,10,2,0.002,0.002435791,0.1,1.5,1.11022302462517e-13,-0.35,-0.15,2.227091e-14,-10.440325,-2.6261685,-2,20.3
0.662337662337662,0.63293678,23.487525,45.119861,0.18,29.999991,10,2,0.0020003444,0.0024967015,0.1,1.5,1.11022302462517e-13,-0.35000001,-0.15,3.6271443e-11,-9.8752857,-2.5517124,-2,20.3
0.663336663336663,0.66123244,23.663258,44.53095,0.18,30,10,2,0.002,0.0024757212,0.1,1.5,1.11022302462517e-13,-0.35,-0.15,2.2204461e-14,-8.4491708,-2.5578603,-2,20.3
0.664335664335664,0.65809022,23.717182,44.646785,0.18,30,10,2,0.002,0.0024741998,0.1,1.5,1.11022302462517e-13,-0.35,-0.15,2.220446e-14,-7.9375165,-1.6217468,-2,20.3
0.665334665334665,0.6547604,23.872345,44.657991,0.18,29.999989,10,2,0.0020001206,0.0030916259,0.1,1.5,1.11022302462517e-13,-0.350000035,-0.149999995,4.1777209e-12,-7.4115198,-1.648638,-2,20.3
0.666333666333666,0.65055815,23.784826,44.753567,0.18,30,10,2,0.002,0.0024325972,0.1,1.5,1.11022302462517e-13,-0.35,-0.15,2.220446e-14,-6.5028004,-0.82133752,-2,20.3
0.667332667332667,0.62828059,24.096404,45.231627,0.18,29.999999,10,2,0.0020001183,0.0025767419,0.1,1.5,1.11022302462517e-13,-0.350000005,-0.149999995,0.068932157,-12.666011,-2.592541,-2,20.3
0.668331668331668,0.60664407,24.447989,45.654414,0.18,29.999956,10,2,0.0020002828,0.0033942448,0.099999999,1.5,1.11022302462517e-13,-0.350000175,-0.150000015,1.9955368,-12.185285,-2.0400427,-2,20.3
0.669330669330669,0.61408872,24.698065,45.703681,0.18,29.999999,10,2,0.0020000365,0.0029934558,0.1,1.5,1.11022302462517e-13,-0.35000001,-0.15,5.7044776,-15.957745,-0.8812226,-2,20.3
0.67032967032967,0.62044354,24.888897,45.799065,0.18,29.999866,9.9999959,1.9999995,0.0020015677,0.0021223433,0.099999932,1.4999997,1.11022302462517e-13,-0.35000544,-0.14999882,8.7200601,-19.999981,-0.58103164,-2,20.3
0.671328671328671,0.64895868,24.136621,45.426099,0.18,29.999999,10,2,0.0020000539,0.0029264598,0.1,1.5,1.11022302462517e-13,-0.35000001,-0.15,7.2755052,-13.602122,1.8683721,-1.5772797,20.3
0.672327672327672,0.64778076,23.043486,45.198961,0.18,30,10,2,0.002,0.002473648,0.1,1.5,1.11022302462517e-13,-0.35,-0.15,2.2721278,-3.9586231,2.5442011,-2,20.3
0.673326673326673,0.63680108,22.873968,45.124585,0.18,29.999998,10,2,0.002000027,0.0031469176,0.1,1.5,1.11022302462517e-13,-0.35,-0.15,0.8441766,-3.8597502,1.6748062,-2,20.3
0.674325674325674,0.64106669,22.904256,44.93532,0.18,29.999983,10,2,0.0020002812,0.003115071,0.1,1.5,1.11022302462517e-13,-0.35000004,-0.15,2.1145962e-09,-1.3165578,1.8447382,-2,20.3
0.675324675324675,0.6442978,23.217537,44.938694,0.18,29.999541,10,2,0.0020021742,0.0029688899,0.1,1.5,1.11022302462517e-13,-0.3500017,-0.14999895,8.8274608e-12,-0.38423786,1.4068592,-2,20.3
0.676323676323676,0.64949302,23.391267,44.804416,0.18,30,10,2,0.0020000002,0.0028235243,0.1,1.5,1.11022302462517e-13,-0.35,-0.15,2.220446e-14,1.2638545,1.7806439,-2,20.3
0.677322677322677,0.65938162,23.328034,44.771329,0.18,30,10,2,0.002,0.0026159473,0.1,1.5,1.11022302462517e-13,-0.35,-0.15,2.220446e-14,1.8876969,2.7203771,-2,20.3
0.678321678321678,0.66445326,23.56993,44.709656,0.18,29.999987,10,2,0.0020001932,0.0032376744,0.1,1.5,1.11022302462517e-13,-0.35000001,-0.15,2.0409371e-13,3.233254,2.6205061,-2,20.3
0.679320679320679,0.6626124,23.857234,44.688404,0.18,30,10,2,0.002,0.0027074474,0.1,1.5,1.11022302462517e-13,-0.35,-0.15,2.220446e-14,3.9506519,2.7706941,-2,20.3
0.68031968031968,0.66134553,23.822054,44.687388,0.18,30,10,2,0.0020000076,0.0031968436,0.1,1.5,1.11022302462517e-13,-0.35,-0.15,2.220446e-14,4.2554256,2.8991354,-2,20.3
0.681318681318681,0.65679844,23.646584,44.812449,0.18,30,10,2,0.0020000008,0.0027670943,0.1,1.5,1.11022302462517e-13,-0.35,-0.15,2.220446e-14,4.0749832,3.8747245,-2,20.3
0.682317682317682,0.64813849,23.520023,44.885307,0.18,30,10,2,0.0020000018,0.0028251217,0.1,1.5,1.11022302462517e-13,-0.35,-0.15,2.220446e-14,4.1565114,3.1469982,-2,20.3
0.683316683316683,0.6434924,23.332393,45.101626,0.18,29.999999,10,2,0.0020001505,0.0029548279,0.1,1.5,1.11022302462517e-13,-0.35,-0.15,2.2216152e-14,1.7217281,1.1816922,-2,20.3
0.684315684315684,0.66459173,25.160981,48.607853,0.18,57.38478,4.4960724,1.6849406,9.2676446e-11,0.12173298,2.5302597e-11,1.6343577,0.266769079022401,-0.62064402,-0.21370962,22.67418,-20,1.604954,-2,20.3
0.685314685314685,0.77738874,20,54.33529,0.31767892,95.917491,21.175205,2.2042616,5.1517068e-11,0.13705389,2.2943387e-14,3.0569257,0.571974739815205,0.0927602095,-0.1417704905,6.1125418,-20,-2.4838435,-1.9999996,20.3
0.686313686313686,0.80211505,20,50.32217,0.36866909,52.378592,20.329346,2.336389,2.0592053e-09,0.1014682,7.4047535e-11,2.2030434,0.388450232179661,-0.00123886499999999,-0.248494495,8.4990256,-16.834964,-10,2,20.3
0.687312687312687,0.84081367,20,50.341258,0.40349497,54.558825,21.319647,2.3173393,3.9770783e-10,0.1046539,4.2806337e-09,2.2046019,0.491664525193411,-0.13298759,-0.26849655,8.1415732,-20,-10,2,20.3
0.688311688311688,0.85791336,20,51.337383,0.41300383,59.42654,21.908571,2.3080105,1.7498754e-12,0.10958002,3.5445318e-09,2.3861595,0.543838010397785,-0.11940677,-0.24242534,12.188945,-20,-9.9867514,2,20.3
0.689310689310689,0.89999984,20,52.41418,0.44167455,57.21291,23.745533,2.4337535,1.223759e-12,0.11148031,3.3470733e-09,2.6447591,0.583745657847307,0.00231176499999999,-0.174453365,13.69236,-20,-9.9998971,2,20.3
0.69030969030969,0.9,20,53.368429,0.44822535,61.466237,24.418727,2.4382256,4.450847e-12,0.11557032,1.5659627e-09,2.7781377,0.60489232804524,0.070706604,-0.131683736,16.34194,-20,-8.4511716,2,20.3
0.691308691308691,0.9,20,53.471414,0.43673524,58.502237,24.785167,2.4279508,1.3067239e-10,0.11437526,4.3237904e-11,2.8875142,0.507343891505072,0.337885495,-0.137539825,22.263085,-20,-8.9006641,2,20.3
0.692307692307692,0.9,20,52.499207,0.44435827,54.848329,23.542121,2.4101125,3.8285904e-11,0.10772831,1.3995919e-11,2.6391852,0.596329804483552,0.001005095,-0.151138375,20.34416,-20,-8.5747943,2,20.3
0.693306693306693,0.9,20,53.167942,0.43620648,57.780547,24.128748,2.4607211,2.4590566e-12,0.11030105,1.1897734e-08,2.7725073,0.504379471993567,0.30855339,-0.13672939,33.186738,-20,-2.0225856,2,20.3
0.694305694305694,0.87987768,20,51.882166,0.43640921,47.731321,22.090997,2.5151434,3.2228528e-09,0.0922855,3.2833583e-10,2.2586305,0.645404667413565,-0.292847295,-0.244971285,25.236364,-19.99939,-6.4398847,2,20.3
0.695304695304695,0.8601364,20,50.691287,0.4115539,44.001137,21.984163,2.5729462,7.6648909e-09,0.090070608,2.2268582e-06,2.1603418,0.483732327845391,-0.123508455,-0.257331865,16.325609,-5.1669338,-9.683938,2,20.3
0.696303696303696,0.84357651,20,49.423742,0.39095829,49.573543,18.169074,2.1931333,1.6196444e-11,0.091849122,1.1384408e-07,2.183954,0.393850627915256,0.03948164,-0.24799117,28.579328,-19.229899,0.025208053,2,20.3
0.697302697302697,0.9,21.281023,47.988577,0.44305816,61.591502,13.833361,1.9568512,1.7794345e-08,0.11047567,7.0716584e-08,2.4957732,0.412659410078861,0.29310292,-0.20611719,20.832917,-19.999999,0.85529104,2,20.3
0.698301698301698,0.68172071,20.815736,47.498206,0.4227665,33.167821,13.903624,2.1995084,0.00080274998,0.089865124,3.9245579e-05,1.6441145,0.880980478973808,-0.712118995,-0.287664085,17.463955,3.3938608,0.50066936,1.988197,20.3
0.699300699300699,0.57676154,20.000004,48.421839,0.4166256,37.478886,12.816669,1.9893375,0.00051302065,0.08441394,1.9393069e-12,1.541398,0.844319848496257,-0.772257595,-0.227742405,15.558231,-10.554648,0.44199075,1.9999996,20.3
0.7002997002997,0.49787185,20,49.455523,0.38299585,42.658944,13.672916,2.0519151,0.0007157006,0.072607965,1.0029397e-06,1.4631296,0.883148630196931,-0.843987035,-0.156012965,14.769456,-13.337377,-0.59008531,2,20.3
0.701298701298701,0.52730927,21.527064,49.846525,0.40192969,42.639221,13.096451,1.986658,1.4781571e-10,0.081923105,4.4129657e-08,1.6745426,1.03176422503752,-0.77589108,-0.22410892,17.407181,-19.916085,-1.5492691,1.9999999,20.3
0.702297702297702,0.59681002,20.000255,50.956947,0.38064622,60.40886,14.994762,2.0023242,0.00012060443,0.095476208,2.7795528e-08,2.0477819,0.820765732280695,-0.58988008,-0.29927626,8.1266188,-19.999004,-5.7154343,-1.9561281,20.3
0.703296703296703,0.79134722,20,59.362873,0.40965956,105.95337,25.272759,2.4732872,8.6411894e-08,0.10827007,1.0975596e-08,2.9016581,0.991708077157772,-0.34611837,-0.06529905,23.18649,-20,9.9999999,2,20.3
0.704295704295704,0.63886561,20,58.823371,0.40266897,76.505671,20.859693,2.3690433,1.2214554e-09,0.087849678,9.2644922e-14,2.4255859,1.65192799917123,-0.66631962,-0.20207491,11.623272,-20,8.9513918,1.9999996,20.3
0.705294705294705,0.79018927,24.389523,47.647654,0.32696284,76.867696,9.8848084,1.8874354,9.2192742e-12,0.13022501,2.220446e-14,2.2021514,0.62038049000758,-0.168019681,-0.219032399,29.62764,-20,8.1259874,-2,20.3
0.706293706293706,0.7452502,22.241842,48.072635,0.33087026,81.30288,10.055635,1.6772126,2.1169435e-10,0.12793638,6.5616672e-14,2.4998948,0.594319328964479,-0.1076272355,-0.2035725245,24.800317,-20,6.2350261,-2,20.3
0.707292707292707,0.9,20.446245,60.491119,0.43460317,120,25.182884,2.0875828,2.2359594e-14,0.17279349,4.4020793e-14,3.5,0.737883090345677,0.83094586,-0.16905414,5.1726369,-20,5.1065624,-2,20.3
0.708291708291708,0.89986169,20.000175,59.316441,0.39613658,119.42505,24.76074,2.1546423,8.2031233e-06,0.14843469,1.7730095e-07,3.4999683,0.670822307708992,0.63617008,0.11082017,10.879758,-19.999893,5.5594801,-1.9996334,20.3
0.709290709290709,0.89392537,20.000188,52.199182,0.33682938,91.881878,20.201691,2.3300466,3.0517069e-05,0.1275488,6.1167416e-09,2.1350166,0.620590159697468,-0.63952273,-0.36045941,11.718557,-20,-1.307206,-1.9999998,20.3
0.71028971028971,0.86014896,20.000002,53.889077,0.36676259,89.914431,20.623918,2.3639392,2.3263702e-07,0.12610652,5.9386468e-10,2.1992846,0.993552544973261,-0.789772535,-0.210227465,3.3674664e-12,-20,0.72457996,-0.67127595,20.3
0.711288711288711,0.87741031,20.000033,53.290506,0.37212259,87.86912,20.4654,2.3174602,3.0832911e-05,0.12219172,7.1591113e-05,2.2675122,0.840848146895694,-0.667061435,-0.332930405,0.00013720016,-19.999965,-2.6550334,1.017648,20.3
0.712287712287712,0.88552275,20,52.516859,0.3767938,86.692263,20.305435,2.2943035,6.6691321e-13,0.12020437,2.9041464e-12,2.2745274,0.731726332388625,-0.6002619,-0.33988048,4.3051859e-13,-20,-3.4663103,2,20.3
0.713286713286713,0.88164749,20,52.120003,0.37260191,88.443832,20.438977,2.2902925,5.7776902e-12,0.12142271,2.2252564e-14,2.3218615,0.652328312477085,-0.51290498,-0.3035832,2.0096451e-07,-20,-4.4324963,-0.3320664,20.3
0.714285714285714,0.88653516,20,51.527762,0.3769822,86.963242,19.924541,2.2798443,2.1798836e-09,0.11962083,3.53539e-11,2.2198327,0.623942219145793,-0.52987688,-0.33322082,1.4992579e-05,-20,-5.9384955,-1.9966068,20.3
0.715284715284715,0.88719888,20,51.369605,0.38270055,87.522662,20.12594,2.2911544,3.0781168e-09,0.12299361,9.8757524e-13,2.2607314,0.636751588722989,-0.52184828,-0.33037712,2.5500633e-14,-20,-5.6437,-2,20.3
0.716283716283716,0.89085326,20,51.732735,0.38385634,92.359747,20.88733,2.3063659,1.0964961e-07,0.12897821,5.2268454e-10,2.4201024,0.550627975410285,-0.357330486,-0.277339654,6.5096233e-07,-20,-6.2433664,-2,20.3
0.717282717282717,0.89701402,20,54.118342,0.38193989,105.42003,22.863591,2.3881072,1.4510717e-08,0.13264758,2.4028524e-12,2.6952371,0.623168842153803,-0.33232063,-0.2092295,5.8675821e-08,-20,-0.52175579,-1.9999999,20.3
0.718281718281718,0.8919971,20,52.006592,0.37572886,93.655415,20.29796,2.3027884,8.6560619e-07,0.1274026,2.3062717e-11,2.2744346,0.600250461191581,-0.495471925,-0.328275855,1.4535734e-06,-20,-4.8432688,-2,20.3
0.719280719280719,0.88330181,20,49.838382,0.3703138,84.766391,18.564834,2.20115,1.1088701e-13,0.12466339,2.6548537e-10,2.0616911,0.426359575473397,-0.373140699,-0.337199821,2.220446e-14,-20,-9.9947248,-1.9999997,20.3
0.72027972027972,0.89400288,20,51.539782,0.36391965,91.977643,19.56544,2.2437763,1.3082881e-06,0.12629401,2.3756442e-10,2.29699,0.553917634860392,-0.415585555,-0.305459635,0.22821722,-20,-4.0173961,-2,20.3
0.721278721278721,0.89999925,20,56.481964,0.37877232,117.28001,25.742535,2.4868243,3.8950426e-07,0.14040514,2.1629537e-10,3.005348,0.581756973467647,-0.057039948,-0.077741762,0.00011592225,-20,6.3346736,-1.9998398,20.3
0.722277722277722,0.9,20,58.757554,0.37545755,119.99995,28.190967,2.6313765,1.3360969e-09,0.14631335,8.1459673e-10,3.1481397,0.594366179794174,0.07569235,-0.006937656,3.6572015,-20,10,-1.9998053,20.3
0.723276723276723,0.8631443,20.017177,56.485958,0.3721776,107.69909,23.662503,2.4593681,2.5498856e-05,0.13612669,7.1870416e-05,2.6432181,0.664104282718264,-0.26669743,0.00602552000000001,4.5808142e-06,-19.999786,3.0945084,-1.924941,20.3
0.724275724275724,0.89999999,20,54.736029,0.37566479,99.786619,23.724576,2.4693932,1.1772429e-11,0.13626527,2.2545003e-14,2.5602991,0.796188534184077,-0.520652675,-0.227537135,2.3393007e-11,-20,3.1316073,-1.9999992,20.3
0.725274725274725,0.9,20,55.532359,0.37671086,104.97665,25.097016,2.5164186,1.3357214e-10,0.14019675,1.2589023e-10,2.7335941,0.754721229675794,-0.401977215,-0.151146345,7.5625877e-08,-20,5.0157145,-1.9999941,20.3
0.726273726273726,0.9,20,57.329959,0.38345278,114.2746,27.020538,2.5808843,1.8714628e-10,0.14738849,7.5419076e-13,3.0045981,0.706311078613103,-0.199732565,-0.063618855,1.2727218e-07,-20,8.4845118,-2,20.3
0.727272727272727,0.89584554,20,56.59237,0.38674682,105.91207,25.857472,2.5495311,9.4726115e-08,0.14205157,1.7785097e-10,2.8555585,0.789737384404749,-0.34931856,-0.12249597,2.1684137e-10,-20,6.5785571,-1.9999962,20.3
0.728271728271728,0.89763591,20,56.390987,0.38520377,105.46522,25.373416,2.5098604,5.4015145e-10,0.14327595,2.8924413e-12,2.8451131,0.741559816774974,-0.31923288,-0.13764875,1.4922739e-12,-20,5.7556662,-2,20.3
0.729270729270729,0.9,20,55.770311,0.3774697,105.7785,24.907537,2.4783785,4.1862021e-08,0.1428423,5.9538074e-11,2.804897,0.680314513827883,-0.281687455,-0.135577555,1.7432446e-05,-20,4.6781833,-1.982303,20.3
0.73026973026973,0.89252704,20,55.882479,0.38365439,103.95384,24.528529,2.4685346,5.1239745e-07,0.13817207,4.7543224e-13,2.7592178,0.739480825731961,-0.36014748,-0.16820417,2.3801632e-11,-20,5.2944763,0.67837665,20.3
0.731268731268731,0.9,20,57.946933,0.38058264,115.83086,27.089447,2.5818161,7.6838459e-11,0.14714849,2.5703681e-14,2.991225,0.742216870956639,-0.23511804,-0.07013531,3.3813458e-11,-20,9.9999754,-1.0527634,20.3
0.732267732267732,0.89999978,20,59.946902,0.38057482,120,29.186854,2.705316,1.0229719e-12,0.15131732,4.3861986e-13,3.1328193,0.713906665755625,-0.0458084195,0.0084844535,3.1436529,-20,10,-2,20.3
0.733266733266733,0.9,20,59.030969,0.38045665,120,28.148131,2.6359196,1.9157193e-08,0.15141574,3.7274618e-12,3.0526577,0.727358143274885,-0.134451955,-0.013623145,0.77159332,-20,10,-1.9976178,20.3
0.734265734265734,0.89528628,20.000006,54.968693,0.37641519,98.492132,24.055014,2.4855475,8.1244289e-08,0.13662556,8.8687969e-08,2.5085947,0.851050981558051,-0.532722865,-0.249587865,8.964456e-08,-20,2.2028502,1.9999655,20.3
0.735264735264735,0.89999996,20,58.564709,0.40041644,109.1691,30.478156,2.7838726,5.7947329e-10,0.11460821,2.5201464e-14,2.9862263,0.898039291034556,-0.20230054,0.04798693,23.694151,-20,10,2,20.3
0.736263736263736,0.9,20,62.445201,0.38432579,120,29.298646,2.6490246,3.9903389e-14,0.12877537,4.1152008e-14,3.3288235,0.622474411449548,0.87779314,-0.12220686,40,-20,10,2,20.3
0.737262737262737,0.89999999,20,60.373806,0.45319463,120,26.775309,2.475623,2.5752667e-14,0.13357239,2.7007651e-11,3.4169305,0.70037785275667,0.590455085,-0.120306925,40,-20,10,2,20.3
0.738261738261738,0.9,24.609849,51.213147,0.53457398,108.09126,8.2544265,1.8399577,2.2227407e-14,0.11786932,2.220446e-14,3.4393169,0.541869367429017,0.50423689,-0.20655413,40,-20,10,-1.2989255,20.3
0.739260739260739,0.9,30.59188,45.911684,0.52581039,75.31596,2.223264e-14,0.52658315,2.3260951e-14,0.066984251,0.17871613,3.5,0.284155943390299,0.74724872,-0.25275087,40,-20,10,-2,20.3
0.74025974025974,0.78313831,27.917034,51.175724,0.30817117,51.89057,2.2379887e-14,1.1748217,1.1032003e-08,0.058990632,0.34070246,2.5812287,0.23221754185586,0.323773495,-0.221258955,40,-16.264093,10,2,20.3
0.741258741258741,0.7523394,25.189174,50.517132,0.19911206,31.580817,2.0138462e-08,1.2864175,0.00076593396,0.053514849,0.18001662,1.669273,0.164785432220519,-0.00200535,-0.18987747,40,4.8137835,9.9999999,2,20.3
0.742257742257742,0.76276208,28.443818,46.950921,0.18,1.2805991e-06,1.0989536e-10,1.854208e-10,0.0020412974,0.052056376,4.4327262e-11,2.2001698,0.0579510031746882,0.082079165,-0.188266405,40,-20,9.9999999,2,20.3
0.743256743256743,0.79716878,27.312334,46.667567,0.18,24.36763,2.2222163e-14,1.2201725,0.0017808153,0.03702721,2.2206904e-14,1.6107053,0.0373377075697815,-0.282820195,-0.149697795,40,-20,10,-2,20.3
0.744255744255744,0.79633816,25.465118,48.225787,0.18,39.677582,8.4536819e-13,1.3580714,0.00024108174,0.087375828,4.6769597e-12,1.6959931,0.13917587460467,-0.27752121,-0.16080377,27.939172,-19.999998,3.9051864,-2,20.3
0.745254745254745,0.80396252,21.09182,49.25157,0.2803085,48.049091,13.024436,1.8306216,3.0550425e-08,0.099193567,2.655971e-14,2.005598,0.286354401996846,0.077929105,-0.239546675,16.791445,-20,-0.87162123,-2,20.3
0.746253746253746,0.82714661,20,54.039182,0.39025683,66.256048,17.50328,2.2687641,1.5448228e-07,0.051479606,0.33354292,1.8174815,0.694941098878509,-0.62387272,-0.33510021,40,-20,10,2,20.3
0.747252747252747,0.60334732,20,54.861154,0.27063596,5.8230543,4.170437,1.8130214,5.6674986e-08,0.079252414,1.2,0.8,1.25141951869741,-1,0,2.1857331e-07,20,10,2,20.3
0.748251748251748,0.59045554,20,54.518816,0.29396402,0.60143798,1.9702983,1.3404604,0.0020066713,0.087332179,1.2,0.8,1.92648604648227,-1,0,2.2998231e-14,8.4540768,10,2,20.3
0.749250749250749,0.72632876,20.000008,52.949518,0.35593479,29.852866,12.343865,2.0764396,9.8911924e-08,0.065978298,0.89065321,0.80001069,1.21024952691631,-0.970298345,-0.029701655,1.0411694e-07,18.362737,10,2,20.3
0.75024975024975,0.83360509,20,54.389809,0.37573831,70.222253,16.114569,2.2032015,1.256637e-06,0.059113863,0.34862036,1.967152,0.797530011682191,-0.6841729,-0.28932306,40,-20,10,2,20.3
0.751248751248751,0.85744883,20,54.010508,0.40054808,76.155438,15.69422,2.1882642,1.0618198e-06,0.053374884,0.10226014,1.880671,1.03215272463109,-0.835446355,-0.164553645,40,-20,10,2,20.3
0.752247752247752,0.84721936,20,54.956689,0.38175077,89.654648,18.151403,2.2545756,6.4200947e-07,0.056158586,0.068770855,2.0715934,0.840672690714336,-0.70591386,-0.29408547,40,-20,10,2,20.3
0.753246753246753,0.82940851,20,54.330253,0.36347844,91.24053,16.32869,2.200284,6.4935835e-06,0.05955527,0.13702731,1.7159595,0.890279498296763,-0.853821805,-0.146178195,39.999995,-19.999989,10,2,20.3
0.754245754245754,0.87165564,20,53.89653,0.3630696,102.09818,17.711434,2.1891063,3.4705923e-09,0.10751638,1.6515393e-09,2.2866953,0.761734496423133,-0.48570528,-0.24659386,40,-20,10,2,20.3
0.755244755244755,0.9,20.144013,56.48034,0.37305577,120,16.427016,1.9857043,2.0214662e-13,0.14153803,4.0017458e-14,3.5,0.443937882036852,0.938440055,-0.061546795,29.225067,-20,10,-2,20.3
0.756243756243756,0.9,25.724048,56.042432,0.26897099,109.14514,0.27140824,1.0455425,4.7254148e-13,0.10919848,3.0726063e-13,3.5,0.337981578482714,0.95422665,-0.0457718,40,-20,8.4584982,-2,20.3
0.757242757242757,0.9,32.173541,55.986572,0.18,99.31323,2.2205297e-14,2.220446e-14,2.2206971e-14,0.01654305,2.2206683e-14,3.5,0.142568670677494,1,0,40,-20,-10,-2,20.3
0.758241758241758,0.9,30.23001,52.161577,0.18,85.135982,3.9922879e-14,3.9928552e-14,3.9219921e-14,0.029131385,3.9904376e-14,3.5,0.129479875453423,1,0,40,-20,-10,-2,20.3
0.759240759240759,0.84430475,22.7438,45.484743,0.18,37.054405,8.7420094,1.8395671,0.0010845248,0.071944125,4.3143405e-12,1.5941601,0.0480549866315105,-0.37872901,-0.15364933,4.8854326e-05,-20,-9.9999997,-2,20.3
0.76023976023976,0.78049232,21.361452,46.337763,0.18,44.422207,9.5561624,1.8531511,0.00035672852,0.093277614,1.4886434e-12,1.634424,0.0931635999234431,-0.377115355,-0.155874725,1.9690078,-19.999999,-10,-2,20.3
0.761238761238761,0.74493564,20.007074,55.254988,0.37584769,83.792413,19.045032,2.2731944,7.1572682e-08,0.089683049,2.3182403e-05,2.1821976,1.18402789123347,-0.723392575,-0.276408405,15.770286,-19.999999,7.5074132,1.9999989,20.3
0.762237762237762,0.9,20,60.871541,0.33693889,120,32.875013,2.896386,2.0141536e-12,0.11222061,1.3855513e-11,3.0827439,0.680464896296916,0.51169326,-0.01527944,40,-20,10,2,20.3
0.763236763236763,0.86187252,21.54992,47.266937,0.18,32.972676,11.068261,1.806552,3.0701771e-06,0.063504115,2.220446e-14,1.623939,0.137381088634377,-0.182651751,-0.168135949,25.959198,-15.612826,4.6073553,-2,20.3
0.764235764235764,0.78747473,20,56.109852,0.19971674,80.661634,12.618959,2.0931781,0.00071155379,0.037896642,0.89797862,1.3735363,0.395762570900144,-0.75062403,-0.24925607,39.999982,-10.943777,9.9999583,1.999936,20.3
0.765234765234765,0.83038865,20.000001,52.11787,0.31672662,65.891083,16.147803,2.2083476,0.0015027282,0.070893703,0.41871013,1.4084024,0.618282748845083,-0.894924835,-0.105075165,39.999742,-19.999999,9.9999953,2,20.3
0.766233766233766,0.78021961,20,52.245795,0.27557913,68.621319,15.087344,2.16771,0.0017360525,0.065587715,0.47892089,1.3963395,0.579340863386315,-1,0,39.999981,-20,9.9999974,2,20.3
0.767232767232767,0.74642188,20,52.486996,0.23767403,66.851395,14.199753,2.1331148,0.0010626977,0.058531492,0.47045211,1.3988595,0.471663349114587,-0.965849945,-0.034150055,40,-20,10,2,20.3
0.768231768231768,0.71972075,20,53.136151,0.21531531,68.577064,13.280187,2.1047242,0.001047903,0.050072947,0.55536592,1.3791523,0.457895178936953,-0.999999995,5.0000000251238e-09,40,-20,10,2,20.3
0.769230769230769,0.68662353,20,54.545725,0.18849661,75.267832,12.770005,2.0935432,0.002063556,0.04391826,0.7220636,1.3020586,0.427902585789904,-1,0,40,-20,10,2,20.3
0.77022977022977,0.69047645,20,54.89074,0.19120598,79.839507,12.97277,2.1003647,0.0024997349,0.037849072,0.78315686,1.2773501,0.396556459866129,-0.999999925,-6.49999999935424e-08,40,-19.999996,10,2,20.3
0.771228771228771,0.71644814,20,54.566495,0.2377829,85.623876,13.733813,2.1231004,0.0032506719,0.035518474,0.83913045,1.2448238,0.369234243554771,-0.99999979,-2.10000000000488e-07,39.999987,-19.979261,9.9999981,2,20.3
0.772227772227772,0.69994987,20,55.13541,0.21665341,85.956949,13.397669,2.1125425,0.0032257857,0.032027246,0.86842169,1.24193,0.330789809287296,-1,0,40,-19.999436,9.9999999,2,20.3
0.773226773226773,0.70942009,20,55.415272,0.20284604,84.183368,13.066748,2.1033862,0.0022123841,0.029098679,0.88676481,1.2665705,0.353386770371614,-1,0,40,-20,10,2,20.3
0.774225774225774,0.7405425,20,54.984766,0.22970589,85.300874,13.41631,2.1136849,0.0020039799,0.029792832,0.90908913,1.2677254,0.391656524794704,-0.99999943,-5.10000000009114e-07,40,-19.999993,10,2,20.3
0.775224775224775,0.74458027,20,54.39939,0.23927705,84.041208,13.744973,2.1225719,0.0021275899,0.036286479,0.80799341,1.302725,0.39090182704962,-0.999999105,-8.95000000000756e-07,40,-20,10,2,20.3
0.776223776223776,0.72803853,20.000006,54.430538,0.22861883,83.691946,13.631699,2.1199137,0.0025785602,0.037556461,0.79443809,1.2756495,0.367111954552828,-0.999999995,-5.0000000251238e-09,39.999978,-19.999322,9.9999999,1.9999943,20.3
0.777222777222777,0.69731272,20,55.85286,0.18418599,82.800299,12.65365,2.093258,0.0022252204,0.027848206,0.88694897,1.2736321,0.353315980299057,-1,0,40,-19.999999,10,2,20.3
0.778221778221778,0.70750713,20,55.808018,0.18830259,83.034095,12.686211,2.0944704,0.0020177305,0.02833448,0.88364087,1.2907507,0.396342332378104,-0.99999948,-5.20000000003851e-07,39.999999,-20,9.9999999,2,20.3
0.779220779220779,0.70478803,20,55.2988,0.2164411,81.925862,13.355894,2.1131088,0.0027613269,0.037063528,0.787037,1.2936744,0.461008902933498,-0.999999595,3.94999999986378e-07,40,-20,10,2,20.3
0.78021978021978,0.76603968,20,53.858649,0.27221241,82.356378,15.147645,2.1695593,0.0032710454,0.053716227,0.49596402,1.359133,0.595481606943532,-0.999999525,-4.74999999999781e-07,40,-20,10,2,20.3
0.781218781218781,0.72030218,20,54.510852,0.23755757,81.952777,14.331405,2.1431574,0.0035523816,0.047239436,0.54984296,1.3307832,0.525991766256523,-1,0,40,-20,10,2,20.3
0.782217782217782,0.69642911,20,55.423707,0.20393161,83.362586,13.528055,2.1190494,0.0028977073,0.038432739,0.6956373,1.3126331,0.479250401121654,-0.999999995,-5.0000000251238e-09,39.999994,-19.999854,9.9999999,2,20.3
0.783216783216783,0.6882877,20,55.081033,0.18000006,85.128313,13.169677,2.1092499,0.0054415009,0.0089236245,0.82635571,1.2220112,0.279080000520604,-0.99999994,-6.00000000239298e-08,40,-19.998565,10,2,20.3
0.784215784215784,0.74286764,20,54.077798,0.18,85.699974,13.097054,2.1057058,0.0047014243,1.4587106e-10,0.9503683,1.1543495,0.182836620527931,-0.999999985,-1.50000000198602e-08,40,-10.083785,10,2,20.3
0.785214785214785,0.75942204,20,53.810184,0.18,85.859389,13.047803,2.1038588,0.0035023006,4.1824505e-14,0.98703797,1.1633064,0.187025459557538,-1,0,40,-5.2708026,10,2,20.3
0.786213786213786,0.79590184,20,53.73086,0.18,85.308564,12.995203,2.1034093,0.0033986223,4.1452184e-12,0.94061633,1.25543,0.247488305932169,-1,0,40,-5.0354377,10,2,20.3
0.787212787212787,0.78846873,20,53.879932,0.18,84.516332,12.965326,2.102367,0.003391066,2.0451966e-13,0.92632458,1.2748068,0.265660477627821,-1,0,40,-1.3780726,10,2,20.3
0.788211788211788,0.76525393,20,53.65054,0.18,80.575261,12.87992,2.1004167,0.0052462242,1.1887113e-08,0.76538151,1.3077524,0.269834737600393,-0.999999995,-5.0000000251238e-09,40,-9.28193,10,2,20.3
0.789210789210789,0.7611852,20,54.183869,0.18,82.612244,12.965966,2.1030947,0.0054034269,3.4106806e-10,0.87101355,1.2514229,0.275210065571972,-0.999999995,5.0000000251238e-09,40,-5.1124041,10,2,20.3
0.79020979020979,0.75397822,20,54.614629,0.18,79.786682,12.71909,2.0975918,0.0057216337,0.00089410001,0.75672669,1.3217055,0.303859903991182,-1,0,40,-5.2323054,10,2,20.3
0.791208791208791,0.77125017,20,55.365674,0.18,84.960612,12.411937,2.089224,0.0058232895,1.5525419e-10,0.92684776,1.2772074,0.300708924817056,-1,0,40,2.5267725,10,2,20.3
0.792207792207792,0.80090125,20.00009,54.742822,0.18000029,77.973021,12.520039,2.0978955,0.0040584164,0.0026898979,0.54812788,1.6146963,0.354919246557208,-0.912416425,-0.087583455,39.99905,-2.7642205,9.9998606,2,20.3
0.793206793206793,0.764253,20,55.373598,0.2212938,82.959756,13.743283,2.1309638,2.1089061e-06,0.017462437,0.81140878,1.278762,0.241891026430731,-0.433253085,-0.246358305,40,-14.490779,10,2,20.3
0.794205794205794,0.71364677,20,55.480004,0.20228259,78.181299,12.649874,2.0951453,0.00074902834,0.016650053,0.75532489,1.3811208,0.40365008866829,-1,0,40,-19.048869,10,2,20.3
0.795204795204795,0.7154689,20,56.315015,0.19943014,81.501133,12.619008,2.0946435,0.00077068692,0.015562523,0.86509719,1.3806806,0.43183418193461,-0.99999992,-6.99999999631551e-08,40,-14.52882,10,2,20.3
0.796203796203796,0.75132605,20,55.968969,0.18,88.34996,12.790747,2.0979909,0.0071150496,0.00024843201,1.0084243,1.2494645,0.346484325941775,-1,0,40,4.0634029,10,2,20.3
0.797202797202797,0.77421602,20,55.160753,0.18,90.506702,13.099395,2.1062348,0.0036233906,2.6129797e-11,1.1179861,1.2291793,0.299223340609555,-1,0,40,5.3278309,10,2,20.3
0.798201798201798,0.74964006,20,53.808795,0.18,86.306765,13.129906,2.1059695,0.0031700523,3.6161144e-14,1.0059322,1.1400945,0.214757201949791,-1,0,40,-7.3479243,10,2,20.3
0.799200799200799,0.74075672,20,53.381879,0.18,83.199983,13.112648,2.1056436,0.0034354574,2.5956526e-14,0.87112612,1.1737343,0.18158548724191,-1,0,40,-13.477629,10,2,20.3
0.8001998001998,0.75538952,20,53.599334,0.18,86.554953,13.260713,2.1097767,0.0039409532,6.6341176e-11,0.97470109,1.1773261,0.230802454215527,-0.99999985,1.39999999981821e-07,40,-12.16832,10,2,20.3
0.801198801198801,0.77633991,20.000001,54.588713,0.18,86.654041,13.007526,2.1039812,0.0071556012,0.00098927164,0.88685175,1.3186381,0.361684068675358,-0.99999965,-3.49999999982309e-07,39.999999,-12.020176,9.9999993,2,20.3
0.802197802197802,0.74963849,20,53.405275,0.18,85.058426,13.433728,2.1152907,0.0064277637,4.6305632e-11,0.87982628,1.2067865,0.254209365677814,-1,0,40,-19.873678,10,2,20.3
0.803196803196803,0.72547167,20.000001,53.634439,0.18000002,83.027034,13.583159,2.1208059,0.0091406599,0.00021971936,0.72765139,1.2346829,0.27350800139715,-0.999999825,-1.74999999991154e-07,39.999999,-19.999997,9.999999,2,20.3
0.804195804195804,0.74569933,20.000001,53.050691,0.18000001,80.979264,13.800115,2.1267717,0.0090211058,6.6230831e-07,0.6254435,1.3051678,0.305071734371903,-0.99999994,-6.00000000239298e-08,40,-19.999548,9.9999987,2,20.3
0.805194805194805,0.74740405,20,52.945742,0.18,82.173761,13.81716,2.1262089,0.0086783065,3.2249025e-07,0.69134917,1.266737,0.280436510190009,-0.99999852,-9.39999999949315e-07,40,-19.999977,10,2,20.3
0.806193806193806,0.73433357,20,55.01461,0.18293731,74.164092,13.096658,2.1022466,0.0018611065,0.022023566,0.53201804,1.5520447,0.402308640585043,-0.818665195,-0.181334695,40,-19.376317,9.9999986,2,20.3
0.807192807192807,0.75580156,20,55.011299,0.18724646,84.698995,15.673382,2.1662647,3.8277119e-09,0.054196177,0.20574095,1.9416015,0.39991797085387,-0.49028353,-0.1648905,40,-20,10,2,20.3
0.808191808191808,0.81912468,20,53.028092,0.27460608,79.59975,17.943343,2.2601499,9.3131838e-05,0.065542469,0.044611746,1.8533769,0.671614185813571,-0.7254151,-0.27426705,40,-19.999103,10,2,20.3
0.809190809190809,0.83262339,20,56.171919,0.37077794,100.17179,24.334607,2.4635998,2.5306627e-09,0.09430039,2.4202647e-09,2.7971756,1.11509629519407,-0.58448871,-0.08155272,36.252056,-20,10,2,20.3
0.81018981018981,0.75832276,20,51.653397,0.32103797,69.165174,19.675663,2.3213494,1.6018161e-09,0.095103915,1.4102023e-13,2.0776136,0.689514267760916,-0.598826995,-0.237153235,36.296487,-19.993518,2.7709122,2,20.3
0.811188811188811,0.71390899,20,51.049987,0.28657273,65.573686,17.767603,2.1898085,8.3410539e-08,0.093499869,2.5931939e-09,2.1153419,0.411389488001924,-0.294696224,-0.197925526,18.985486,-19.999998,-5.9661826,2,20.3
0.812187812187812,0.68172426,20.000052,50.92363,0.24004458,56.029303,14.170245,2.0162624,0.00029722587,0.093870194,0.00017560614,2.1527086,0.363964802726128,-0.294500755,-0.127196955,17.410283,-19.98814,-6.1655717,-1.9999975,20.3
0.813186813186813,0.65508729,20.726584,50.461621,0.20600414,53.388535,10.809257,1.8545306,4.75981e-07,0.09332467,2.675466e-12,2.0041005,0.257404249348587,-0.197630386,-0.176396404,14.179794,-20,-6.812931,-2,20.3
0.814185814185814,0.69333604,20.000038,49.321841,0.22237146,58.194549,11.830003,1.8995894,0.00070143785,0.098811656,0.00033353896,1.9994673,0.2887607662239,-0.2614503,-0.13423368,9.7139441,-19.973568,-7.5591463,-1.9977568,20.3
0.815184815184815,0.66989489,20.372617,49.936092,0.18,52.943198,10.291825,1.8513943,4.4635681e-08,0.093350309,2.4669558e-14,1.9546531,0.244049182564656,-0.2580254905,-0.1620703395,15.827883,-20,-4.8710035,-2,20.3
0.816183816183816,0.66817534,20,50.785538,0.18,49.78953,8.6763412,1.8543627,0.00084032127,0.073114294,0.00022897386,1.9483682,0.216593439167216,-0.315854185,-0.129132165,17.345474,-19.965545,-6.2208615,-1.9989041,20.3
0.817182817182817,0.70121713,20,50.764644,0.21987118,61.144223,11.486257,1.9986151,8.021715e-07,0.076953704,9.3061034e-11,1.7902534,0.227192650874895,-0.1363354535,-0.1907730365,25.22985,-20,-0.68622076,2,20.3
0.818181818181818,0.67238903,20,52.173679,0.21551481,61.785319,12.510306,2.0625949,6.1849536e-06,0.065919104,2.924397e-10,1.7548627,0.271242731598901,-0.290729245,-0.184398645,33.213301,-20,2.1670858,2,20.3
0.819180819180819,0.70189882,20,51.901171,0.25346367,69.262723,15.298871,2.171202,2.1011653e-06,0.070985563,9.0831508e-08,1.65207,0.333684160935148,-0.4836411,-0.24611472,32.724898,-20,1.9119277,2,20.3
0.82017982017982,0.74269429,20,51.067303,0.29238373,70.605958,16.446678,2.2078579,3.2880625e-07,0.079101651,6.1929838e-12,1.6562356,0.413340225540131,-0.51884433,-0.29907899,25.041751,-20,-0.35505459,2,20.3
0.821178821178821,0.69800935,20,51.600058,0.26405721,64.997495,15.861724,2.1871324,6.7320752e-07,0.072063895,4.9027443e-11,1.6912131,0.342888286715666,-0.407447965,-0.234647395,26.344212,-20,-0.073658975,2,20.3
0.822177822177822,0.72260023,20,50.488211,0.29278762,65.053842,16.37451,2.1865531,6.8276031e-07,0.075076841,2.2466923e-14,1.6476569,0.413320457081633,-0.487228635,-0.275559135,23.8447,-20,-0.495693,2,20.3
0.823176823176823,0.61421528,20,53.546769,0.18,50.883019,12.45045,2.071588,6.8921247e-06,0.066992908,2.7040427e-10,1.9247012,0.35138205292613,-0.464844845,-0.151923205,28.475297,-17.490909,-0.5792719,2,20.3
0.824175824175824,0.67001171,20.061045,52.545939,0.18,47.114849,11.153704,1.9500851,1.8585382e-07,0.081602399,3.2026841e-14,2.1168948,0.296424427070818,-0.339492965,-0.132491925,21.15275,-19.999999,-4.2069405,2,20.3
0.825174825174825,0.8235582,20,52.700078,0.36443027,86.387327,18.030458,2.1243156,2.2206313e-14,0.11443295,5.4036166e-14,2.4129239,0.567111680460505,-0.406890825,-0.244527715,1.4874718,-20,-7.7541202,1.9999996,20.3
0.826173826173826,0.75807486,24.75105,48.47838,0.18,42.141882,5.2900314e-06,1.4515028,0.00078591973,0.061661872,1.7870702e-12,1.6944118,0.154381585716305,-0.547623345,-0.169218615,22.530841,-20,-1.5146724,-2,20.3
0.827172827172827,0.6181127,23.275964,44.982387,0.18,30,10,2,0.002,0.0025855827,0.1,1.5,1.11022302462517e-13,-0.35,-0.15,2.2204799e-14,2.1428702,0.84089994,-2,20.3
0.828171828171828,0.5999602,22.361218,44.784759,0.18,29.999759,10,2,0.002000021,0.0030100175,0.1,1.5,1.11022302462517e-13,-0.350000045,-0.149999985,2.2404495e-14,0.77137254,-1.49593,-2,20.3
0.829170829170829,0.62752823,22.640113,44.887494,0.18,29.99993,10,2,0.0020000016,0.0023090541,0.1,1.5,1.11022302462517e-13,-0.35000001,-0.15,2.9589487e-09,0.7989762,-1.4109732,-2,20.3
0.83016983016983,0.64032103,22.655409,45.148415,0.18,29.999874,10,2,0.002000161,0.0027676303,0.1,1.5,1.11022302462517e-13,-0.350000095,-0.150000005,8.2548077e-12,-1.504161,-2.5508257,-2,20.3
0.831168831168831,0.66270757,23.07644,45.147529,0.18,30,10,2,0.0020000001,0.0024259696,0.1,1.5,1.11022302462517e-13,-0.35,-0.15,2.2204683e-14,-3.5440017,-3.2773511,-2,20.3
0.832167832167832,0.67988115,22.800512,44.665391,0.18,29.996737,10,2,0.0020002781,0.0034299537,0.099999999,1.5,1.11022302462517e-13,-0.3500005,-0.15,4.5936017e-12,0.13632148,-2.004522,-2,20.3
0.833166833166833,0.68062988,22.862416,44.19556,0.18,29.999905,10,2,0.0020000299,0.0031872849,0.1,1.5,1.11022302462517e-13,-0.350000015,-0.149999995,3.6400192e-14,1.6407736,-1.1045335,-2,20.3
0.834165834165834,0.67020563,22.898634,44.010636,0.18,29.999978,10,2,0.0020000821,0.0032553317,0.1,1.5,1.11022302462517e-13,-0.35000001,-0.15,2.2244977e-14,2.1766734,0.13325465,-2,20.3
0.835164835164835,0.66153784,22.613622,44.163357,0.18,30,10,2,0.0020000001,0.002898251,0.1,1.5,1.11022302462517e-13,-0.35,-0.15,2.2204461e-14,-0.058025814,-0.35984778,-2,20.3
0.836163836163836,0.66145638,22.538341,44.325322,0.18,29.999997,10,2,0.0020000022,0.0027249521,0.1,1.5,1.11022302462517e-13,-0.35,-0.15,2.2209156e-14,-1.9920236,-1.0526903,-2,20.3
0.837162837162837,0.67553322,22.533548,44.091083,0.18,30,10,2,0.0020000008,0.002953845,0.1,1.5,1.11022302462517e-13,-0.35,-0.15,2.2234258e-14,-0.97310948,-1.163008,-2,20.3
0.838161838161838,0.6831835,22.513497,43.959472,0.18,30,10,2,0.002,0.0024697049,0.1,1.5,1.11022302462517e-13,-0.35,-0.15,2.220446e-14,-2.6676817,-2.228438,-2,20.3
0.839160839160839,0.68855664,22.578674,43.950412,0.18,30,10,2,0.0020000003,0.0030051961,0.1,1.5,1.11022302462517e-13,-0.35,-0.15,2.2204595e-14,-3.4525954,-2.6216934,-2,20.3
0.84015984015984,0.68496576,22.608065,43.935868,0.18,30,10,2,0.002,0.002515163,0.1,1.5,1.11022302462517e-13,-0.35,-0.15,2.220446e-14,-3.7398487,-2.7057906,-2,20.3
0.841158841158841,0.67638934,22.303413,44.082327,0.18,30,10,2,0.002,0.0025767486,0.1,1.5,1.11022302462517e-13,-0.35,-0.15,2.2204487e-14,-4.6928509,-3.0869133,-2,20.3
0.842157842157842,0.67074861,22.216851,44.259693,0.18,29.999926,10,2,0.0020000183,0.0028878517,0.1,1.5,1.11022302462517e-13,-0.35000004,-0.14999999,1.3475493e-11,-5.2161153,-2.5204727,-2,20.3
0.843156843156843,0.65946108,22.169725,44.643732,0.18,30,10,2,0.002,0.0024252881,0.1,1.5,1.11022302462517e-13,-0.35,-0.15,2.2204461e-14,-7.6064483,-3.7724101,-2,20.3
0.844155844155844,0.62686208,22.606676,45.558154,0.18,29.999219,9.9999986,1.9999999,0.0020002848,0.0025854471,0.099999941,1.4999998,1.11022302462517e-13,-0.350006965,-0.149999135,2.8579504e-06,-20,-7.7565781,-2,20.3
0.845154845154845,0.61118385,23.469618,46.34777,0.18,30.204438,9.8316937,1.9865578,0.0019876239,0.010085022,0.089896471,1.50468,0.00370958005816716,-0.35885205,-0.15010483,0.81098097,-20,-9.9889173,-2,20.3
0.846153846153846,0.60549327,23.263838,46.082798,0.18,30,10,2,0.0020000019,0.002763915,0.1,1.5,1.11022302462517e-13,-0.350000005,-0.149999995,0.0012835839,-20,-8.322114,-2,20.3
0.847152847152847,0.60809069,23.762924,45.871859,0.18,30,10,2,0.0020000001,0.0029735084,0.1,1.5,1.11022302462517e-13,-0.350000005,-0.149999995,0.57501652,-20,-8.1436575,-2,20.3
0.848151848151848,0.63400386,23.455056,45.149944,0.18,29.999965,10,2,0.0020007138,0.002900448,0.1,1.5,1.11022302462517e-13,-0.350000015,-0.149999995,5.2750858e-10,-16.501388,-5.8634647,-2,20.3
0.849150849150849,0.65604299,23.408748,44.773496,0.18,29.999981,10,2,0.0020000388,0.0028855503,0.1,1.5,1.11022302462517e-13,-0.35000004,-0.15,1.5979443e-09,-11.158496,-3.8179839,-2,20.3
0.85014985014985,0.65472789,23.395632,44.788327,0.18,29.999937,10,2,0.002000139,0.0028608374,0.1,1.5,1.11022302462517e-13,-0.35000015,-0.14999994,0.00025685347,-9.5065919,-2.2527617,-2,20.3
0.851148851148851,0.66349286,23.146174,44.321405,0.18,30,10,2,0.002,0.0025151867,0.1,1.5,1.11022302462517e-13,-0.35,-0.15,2.2204461e-14,-9.3355579,-4.1970346,-2,20.3
0.852147852147852,0.6530141,23.121191,44.611871,0.18,30,10,2,0.0020000002,0.0029828871,0.1,1.5,1.11022302462517e-13,-0.35,-0.15,2.2210987e-14,-8.7354533,-3.4343067,-2,20.3
0.853146853146853,0.66061577,23.249812,44.435299,0.18,29.999997,10,2,0.0020000684,0.0032855282,0.1,1.5,1.11022302462517e-13,-0.350000005,-0.149999995,2.2225055e-14,-7.3699781,-3.5463385,-2,20.3
0.854145854145854,0.66021585,23.520282,44.563022,0.18,30,10,2,0.002,0.0024779508,0.1,1.5,1.11022302462517e-13,-0.35,-0.15,2.220446e-14,-7.0978409,-3.3861582,-2,20.3
0.855144855144855,0.66581643,23.781444,44.524951,0.18,30,10,2,0.002,0.0024744574,0.1,1.5,1.11022302462517e-13,-0.35,-0.15,2.220446e-14,-6.9709935,-2.402187,-2,20.3
0.856143856143856,0.66491165,23.991222,44.419301,0.18,30,10,2,0.002,0.0024882121,0.1,1.5,1.11022302462517e-13,-0.35,-0.15,2.220446e-14,-5.5878295,-1.7073606,-2,20.3
0.857142857142857,0.65731026,24.148995,44.533361,0.18,30,10,2,0.002,0.0024774621,0.1,1.5,1.11022302462517e-13,-0.35,-0.15,2.220446e-14,-5.7614621,-0.85007136,-2,20.3
0.858141858141858,0.64918326,23.964441,44.48631,0.18,30,10,2,0.0020000001,0.0028019995,0.1,1.5,1.11022302462517e-13,-0.35,-0.15,2.220446e-14,-3.7201197,0.51836959,-2,20.3
0.859140859140859,0.64266298,23.995824,44.523688,0.18,30,10,2,0.0020000032,0.0031907697,0.1,1.5,1.11022302462517e-13,-0.35,-0.15,2.236503e-14,-1.7846121,1.4033899,-2,20.3
0.86013986013986,0.64588784,23.672735,44.723537,0.18,29.999999,10,2,0.0020000062,0.0032174063,0.1,1.5,1.11022302462517e-13,-0.35,-0.15,0.0010909799,-1.3609344,1.9537411,-2,20.3
0.861138861138861,0.631431,24.228216,45.399584,0.18,29.999275,9.9999999,1.9999999,0.0020019054,0.0021874578,0.099999996,1.5,1.11022302462517e-13,-0.350002475,-0.149999565,2.759471,-11.972315,-0.053271922,-1.9999972,20.3
0.862137862137862,0.63468363,24.556694,46.010929,0.18,29.999985,9.9999998,2,0.0020004102,0.0026010254,0.099999995,1.5,1.11022302462517e-13,-0.35000131,-0.14999981,5.5215225,-20,-2.5906673,-1.3199493,20.3
0.863136863136863,0.64208413,25.060797,46.209802,0.18,29.999972,9.9999994,1.9999998,0.0020002302,0.0027720046,0.099999991,1.5,1.11022302462517e-13,-0.35000057,-0.15000016,9.6760869,-19.113297,0.45431889,1.410575,20.3
0.864135864135864,0.64523087,24.354704,45.51336,0.18,30,10,2,0.002000003,0.0025887604,0.1,1.5,1.11022302462517e-13,-0.35,-0.15,4.1203555,-4.7330546,2.1928247,-2,20.3
0.865134865134865,0.65586963,23.894456,45.115703,0.18,30,10,2,0.002,0.0024240574,0.1,1.5,1.11022302462517e-13,-0.35,-0.15,0.52674938,-3.3176964,1.6254307,-2,20.3
0.866133866133866,0.66229482,23.20067,44.779237,0.18,30,10,2,0.0020000039,0.0029601879,0.1,1.5,1.11022302462517e-13,-0.35,-0.15,2.2934549e-14,0.70314919,1.5574826,-2,20.3
0.867132867132867,0.6655534,23.09252,44.53289,0.18,29.999999,10,2,0.002000008,0.0031456365,0.1,1.5,1.11022302462517e-13,-0.35,-0.15,2.220446e-14,2.542913,0.96141105,-2,20.3
0.868131868131868,0.6654707,23.040717,44.454215,0.18,29.999996,10,2,0.0020000379,0.0033562951,0.1,1.5,1.11022302462517e-13,-0.35,-0.15,2.2392952e-14,2.0087803,0.49010751,-2,20.3
0.869130869130869,0.6655477,23.020911,44.520332,0.18,30,10,2,0.002,0.0025439295,0.1,1.5,1.11022302462517e-13,-0.35,-0.15,2.220446e-14,2.3663153,0.85546323,-2,20.3
0.87012987012987,0.67369743,23.173213,44.460834,0.18,29.999935,9.9999951,1.9999997,0.0020003997,0.0019989678,0.099999914,1.4999993,3.62487817540127e-13,-0.35000784,-0.14999931,3.7257216e-10,5.1225775,2.1294708,-2,20.3
0.871128871128871,0.67526808,23.148197,44.483796,0.18,29.999973,10,2,0.0020001142,0.002,0.1,1.5,1.11022302462517e-13,-0.350000025,-0.149999995,1.0300883e-13,5.1930131,1.877059,-2,20.3
0.872127872127872,0.68231713,23.360817,44.46674,0.18,29.988693,9.9999999,1.9999989,0.0020213315,0.0019999992,0.099999967,1.5,1.11022302462517e-13,-0.35001878,-0.14999211,3.510715e-09,6.1856996,2.8062646,-2,20.3
0.873126873126873,0.67946291,23.30698,44.536559,0.18,30,10,2,0.0020000029,0.0025347049,0.1,1.5,1.11022302462517e-13,-0.35,-0.15,2.220446e-14,5.4161372,1.6307765,-2,20.3
0.874125874125874,0.72730703,24.447018,50.546571,0.18,71.913841,7.3548368,1.6183122,2.2557645e-07,0.13657525,4.4894391e-09,2.0658086,0.374074314325883,-0.20738717065,-0.21303250935,29.972607,-20,8.3763419,-2,20.3
0.875124875124875,0.87772723,20,52.000513,0.40218268,82.023983,23.84476,2.4040724,5.5136312e-11,0.12529086,5.0232123e-12,2.6674747,0.546317947083221,0.0267907,-0.21543446,7.5943648e-06,-20,-9.9999993,1.9999998,20.3
0.876123876123876,0.85005792,20.000015,49.992308,0.37819131,51.814874,21.144836,2.3085522,4.2263804e-05,0.11110244,1.1726468e-08,2.4429587,0.425648413345853,0.004770865,-0.136947785,2.6985994,-19.951738,-9.9998675,2,20.3
0.877122877122877,0.88560655,20,51.652753,0.43066244,51.839685,23.713773,2.5298551,1.6460762e-08,0.10321432,4.7223956e-08,2.4551392,0.577794772547303,-0.12447149,-0.22052485,13.638978,-19.999969,-9.9999999,2,20.3
0.878121878121878,0.89999998,20,52.966575,0.44102159,55.933912,24.991926,2.5540938,3.3067e-09,0.10938481,7.2605356e-09,2.7538305,0.514355705838253,0.1845311545,-0.1560617455,19.623614,-19.999999,-9.9944431,2,20.3
0.879120879120879,0.9,20,53.020064,0.43945231,56.372593,25.286208,2.5155181,4.8549581e-10,0.11640382,4.6418173e-09,3.0061259,0.459715899079582,0.47329107,-0.18012639,13.639825,-19.999999,-9.9999993,2,20.3
0.88011988011988,0.89853113,20,51.727843,0.44733882,52.064453,22.918721,2.4394983,9.395985e-09,0.10186325,4.0399405e-09,2.4873309,0.639759563132573,-0.1736582335,-0.2085115665,17.998084,-19.999999,-10,2,20.3
0.881118881118881,0.88206756,20,51.581067,0.44125685,51.597295,22.038744,2.3421303,2.0402302e-12,0.10065871,5.8754253e-09,2.4475398,0.625782911544302,-0.1960024995,-0.2240005405,16.611865,-20,-9.99977,2,20.3
0.882117882117882,0.88065028,20,51.417914,0.43624442,53.816042,22.024086,2.3184146,2.6965209e-08,0.10353561,3.4001099e-10,2.419166,0.647264035440599,-0.22752863995,-0.23109789005,14.835487,-20,-9.9999996,2,20.3
0.883116883116883,0.9,20,52.533854,0.44182044,55.126811,24.318717,2.4353128,1.7957457e-11,0.11286326,2.3589329e-14,2.7964697,0.524656722158199,0.20849689,-0.14686784,15.307386,-20,-10,2,20.3
0.884115884115884,0.9,20,53.02389,0.4342416,58.99769,24.2973,2.4237758,5.4692438e-09,0.11273639,4.6138002e-12,2.7729988,0.522566584271609,0.25493592,-0.12963879,24.399742,-20,-6.8853721,2,20.3
0.885114885114885,0.9,20,51.56598,0.44318717,52.759512,22.701843,2.4340946,4.4023947e-08,0.1027047,1.8549489e-08,2.4629312,0.575634425497996,-0.07024661,-0.19048848,21.022029,-20,-8.0052918,2,20.3
0.886113886113886,0.9,21.058702,50.027382,0.43102398,46.794276,18.426,2.0690736,7.71543e-10,0.10649729,1.1107046e-09,2.7044314,0.39048394767119,0.350375175,-0.203858465,20.551186,-19.999997,-6.7534592,2,20.3
0.887112887112887,0.9,21.081488,50.804692,0.44085976,53.862012,18.957595,2.4371019,1.1519357e-11,0.11069477,9.5675189e-14,2.8298319,0.397062654716375,0.50039531,-0.20378863,14.990506,-17.457792,-9.9999999,2,20.3
0.888111888111888,0.9,20,50.639039,0.49051195,46.789339,22.181804,2.5777335,1.6459787e-09,0.11354087,2.2112975e-07,2.6470381,0.588649566587,0.0950792055,-0.1421889745,18.494358,-13.084794,-9.4944828,2,20.3
0.889110889110889,0.9,20,50.428618,0.49838327,44.189702,21.373435,2.4859285,7.3934813e-13,0.11179186,8.1938017e-10,2.5972383,0.595171384411484,0.064803395,-0.137891145,28.12396,-7.2624683,-1.9980351,2,20.3
0.89010989010989,0.87800509,20.681377,49.700364,0.55,32.241044,16.27878,2.2282499,4.9033828e-09,0.092299223,2.3737926e-09,2.2147606,0.958477879733088,-0.47014834,-0.29157052,29.622571,0.37406726,3.2911058,2,20.3
0.891108891108891,0.78059272,20,49.257854,0.50866893,44.453064,15.020679,1.8954974,5.5697452e-10,0.092207587,3.2676356e-09,2.0202625,0.930382508921471,-0.6152793,-0.34373287,8.6830922,-20,-5.7897034,2,20.3
0.892107892107892,0.64514616,20,48.77447,0.4501067,44.142338,13.425606,1.8917771,2.1531693e-05,0.087620184,7.0314216e-07,1.7478213,0.765068357331598,-0.71173476,-0.28818116,6.3714523,-19.999735,-6.9170807,1.9999851,20.3
0.893106893106893,0.59084454,20,56.493471,0.40314745,76.154755,18.769627,2.2975062,2.7741401e-09,0.073328803,8.4935101e-12,2.0001729,1.69964310520892,-0.832157095,-0.167842905,16.455306,-20,5.9771321,2,20.3
0.894105894105894,0.69950529,24.279322,48.703482,0.39201479,50.11006,11.43014,1.855872,1.2301129e-09,0.089663188,1.1648906e-08,1.8901708,1.96799289840658,-0.816520575,-0.183479425,23.36147,-20,9.3231733,2,20.3
0.895104895104895,0.54701876,29.116617,43.690021,0.18000001,44.912806,2.2205527e-14,1.1584106,9.227381e-05,0.12039658,2.2291205e-14,1.5882802,0.166159770909952,-0.05139981,-0.18515711,40,-20,10,-2,20.3
0.896103896103896,0.86400531,20,55.748318,0.45290791,111.94212,22.463525,2.0464547,8.1908516e-11,0.15487035,3.1947033e-14,3.4999995,0.769032087128465,0.26228548,-0.10519998,12.928901,-20,9.999999,-2,20.3
0.897102897102897,0.9,21.127685,60.918071,0.41271778,120,25.381118,2.1666525,4.4214153e-14,0.18059781,2.6288225e-14,3.5,0.74958318857163,0.81916075,-0.18083925,8.0329407,-20,7.1130859,-2,20.3
0.898101898101898,0.9,20,56.530342,0.34793496,114.69326,23.558331,2.1792622,4.1527068e-14,0.14218222,1.1588713e-13,3.5,0.428743666843911,0.893648565,-0.106284625,16.489087,-20,4.3660179,-2,20.3
0.899100899100899,0.77118978,20,51.814569,0.27406567,81.801875,17.220822,2.2133247,1.3579821e-07,0.1252641,4.4227302e-11,1.7385926,0.509631983887523,-0.729913695,-0.270086305,11.399327,-20,-3.6972619,-2,20.3
0.9000999000999,0.85657484,20,54.978168,0.3628891,94.085205,20.971107,2.357276,1.7238784e-13,0.12576982,2.0468664e-13,2.342783,0.869847482772431,-0.64667977,-0.33223755,1.8436724e-12,-20,2.71307,1.6949147,20.3
0.901098901098901,0.86028758,20,55.157766,0.36872546,94.611641,21.358697,2.3697498,3.3151696e-09,0.1267728,2.260752e-14,2.4208586,0.85993030261275,-0.605595905,-0.298127925,0.00020430274,-20,3.5787091,2,20.3
0.902097902097902,0.86921836,20,55.062757,0.36837154,95.336285,21.952049,2.3975638,3.3051622e-07,0.12968009,2.2385793e-10,2.4569036,0.876552439383686,-0.609926775,-0.288488575,2.8486598e-06,-20,3.5689174,1.2772869,20.3
0.903096903096903,0.88289718,20,54.404164,0.37743231,94.581851,22.348725,2.3908639,1.2632193e-07,0.13210848,3.1388922e-13,2.521401,0.804872672273398,-0.52447586,-0.25175207,2.0355042e-05,-20,1.704141,1.6925471,20.3
0.904095904095904,0.87943447,20,53.542163,0.37791225,87.924251,21.282579,2.3656369,3.5553176e-11,0.12609341,9.703571e-13,2.3873548,0.862585489828658,-0.640443305,-0.324711595,0.00046580696,-20,-1.4111063,-0.82988212,20.3
0.905094905094905,0.88388357,20,53.387688,0.37925921,88.658898,21.514989,2.3761685,0.0001094303,0.12474515,6.782205e-09,2.255895,0.912339677533979,-0.6899789,-0.31000282,0.003494292,-19.999999,-1.1507828,-1.9340633,20.3
0.906093906093906,0.89551235,20,54.314153,0.38395181,98.148108,22.732497,2.4123557,1.8150424e-08,0.12888144,6.3910884e-11,2.576931,0.809254645651483,-0.552700645,-0.247290725,4.8582877e-07,-20,1.7665088,-1.5977159,20.3
0.907092907092907,0.89674006,20,54.766085,0.38722423,103.09253,23.432014,2.4230889,1.5112674e-07,0.12932318,7.6190479e-13,2.707347,0.750329253897513,-0.43561503,-0.19162467,0.00030864715,-20,2.8533346,-0.93298832,20.3
0.908091908091908,0.9,20.000001,53.123719,0.38384326,99.83847,22.485963,2.3613564,4.8554469e-10,0.12835646,4.1184974e-07,2.5923996,0.573806939677266,-0.266999451,-0.203336189,1.6823951e-05,-19.999995,-2.3386897,-1.9989297,20.3
0.909090909090909,0.89313207,20,49.920415,0.37259898,82.677404,19.300365,2.2430694,6.2874389e-07,0.12010583,6.0604696e-10,2.0882614,0.534070357792695,-0.450171665,-0.346079505,2.3288722e-13,-20,-7.6965229,-2,20.3
0.91008991008991,0.88896389,20,50.275937,0.3722502,86.258283,19.528704,2.2517963,3.6536031e-11,0.12003531,2.5338718e-08,2.1366121,0.482773735785388,-0.3700791335,-0.3188439065,1.5648308e-05,-20,-7.7837693,-2,20.3
0.911088911088911,0.9,20,54.281937,0.38069311,108.4136,23.905085,2.4042437,8.7999011e-10,0.13589297,3.2857251e-11,2.8291872,0.505887522192831,-0.0544141475,-0.1427614425,3.8857495e-10,-20,-0.54236582,-1.9999999,20.3
0.912087912087912,0.9,20,56.6451,0.37844844,118.68814,26.177552,2.5069537,3.0119435e-09,0.14462185,1.2235202e-08,3.0732282,0.57488475074739,-0.0462661085,-0.0715684415,0.0017654406,-20,5.6977672,-1.9998234,20.3
0.913086913086913,0.89999998,20,55.047189,0.3779007,108.99731,24.573784,2.4554604,3.7447511e-08,0.14049697,1.2267872e-11,2.8115718,0.632815438764701,-0.247210865,-0.123942805,0.00034481659,-20,2.2723839,-1.9999865,20.3
0.914085914085914,0.9,20,53.785839,0.3770009,99.748738,22.399616,2.3894092,2.5221792e-06,0.13153727,6.892666e-12,2.5239198,0.690581665665398,-0.46315807,-0.24795909,1.4828752e-05,-20,0.17318648,-2,20.3
0.915084915084915,0.89803278,20,52.462751,0.37110375,90.591544,20.436843,2.3313694,3.4988731e-06,0.12508381,3.7168787e-12,2.2059152,0.734149130616652,-0.6257428,-0.37425704,7.2746341e-05,-20,-2.4379514,-1.999997,20.3
0.916083916083916,0.9,20,56.326446,0.37881254,111.1974,25.549725,2.5245598,1.2722942e-08,0.14051442,7.7002089e-13,2.8279495,0.739725521507596,-0.358089955,-0.112599315,5.0389561e-07,-20,7.8705037,-0.81881006,20.3
0.917082917082917,0.89999811,20,56.491832,0.37942851,109.66896,25.685187,2.5334542,6.8276043e-08,0.13962285,1.8886644e-12,2.841437,0.756981665958132,-0.365733405,-0.115921885,1.0025156e-05,-20,7.2336182,-0.21402477,20.3
0.918081918081918,0.9,20,57.55745,0.37898774,114.34529,27.349434,2.5962649,8.7681135e-10,0.14656125,2.2716294e-13,2.9873081,0.723962753467797,-0.222480165,-0.045455155,5.2565142e-05,-20,9.1992751,-1.9987414,20.3
0.919080919080919,0.89999999,20,59.923193,0.38242927,120,30.02478,2.7242059,9.7899443e-11,0.1553535,2.2426473e-14,3.2674212,0.66391790438434,0.091069157,0.017071053,3.3534752e-07,-20,10,-1.9999982,20.3
0.92007992007992,0.9,20,61.909048,0.38061924,120,31.763481,2.8605217,6.5820093e-13,0.15833659,2.5808079e-13,3.3514531,0.630347027429342,0.350911725,-0.00112262499999999,1.8109858e-05,-20,10,-2,20.3
0.921078921078921,0.89999994,20,61.303259,0.38243483,120,30.779733,2.8026672,7.459599e-12,0.15591026,1.5642162e-13,3.2591764,0.694017414221387,0.1124818445,0.0458184055,0.00011016328,-20,10,-1.9999999,20.3
0.922077922077922,0.89758696,20,58.273321,0.38411576,116.66647,27.115989,2.5891811,9.640531e-14,0.14595076,6.6248891e-13,2.9999603,0.796153531699516,-0.29816272,-0.06695376,0.00026288864,-20,10,1.0082839,20.3
0.923076923076923,0.89758762,20,57.313146,0.38129663,113.37951,26.378319,2.5633296,2.7209167e-08,0.15129332,3.4511311e-12,2.9299465,0.770309718822096,-0.337970675,-0.113017525,0.011664619,-20,8.9526259,-1.9999984,20.3
0.924075924075924,0.9,20,56.524353,0.38663588,103.07101,26.353439,2.5698514,2.401788e-08,0.12215408,1.3763952e-08,2.7952813,0.758413331066103,-0.31446973,-0.07941031,17.290296,-19.999999,9.4175101,2,20.3
0.925074925074925,0.82202668,20,52.336334,0.43922972,64.234722,19.210202,2.3584491,3.7181168e-07,0.066095188,0.018495578,1.9011436,1.51058078895992,-0.88231871,-0.11768129,39.999995,-20,10,2,20.3
0.926073926073926,0.9,20,54.53168,0.42426877,84.519251,21.077125,2.3554105,2.0294134e-10,0.070807647,0.22499499,2.3443086,0.977865236217961,-0.608720455,-0.066727035,40,-20,10,2,20.3
0.927072927072927,0.9,22.238706,67.512123,0.29916697,117.12176,24.882626,2.258083,3.0843828e-14,0.11079875,2.7285787e-14,3.5,0.672968697862067,0.99999999,9.99999999473644e-09,40,-20,10,2,20.3
0.928071928071928,0.9,22.36958,66.546017,0.31156901,111.00969,22.573029,2.0805767,2.4408045e-14,0.10842885,8.491051e-14,3.5,0.631439366130155,0.999999995,5.0000000251238e-09,40,-20,10,2,20.3
0.929070929070929,0.9,20,60.974185,0.4375076,120,26.223492,2.3970244,1.0657294e-13,0.12393792,2.326323e-13,3.4622741,0.602866392579818,0.72913321,-0.17672999,40,-20,10,2,20.3
0.93006993006993,0.9,20,56.320309,0.40635893,100.7914,23.003087,2.3495367,4.0008618e-10,0.11150157,7.1930586e-12,2.7065776,0.888315899497028,-0.346786835,-0.028688335,38.098603,-20,10,2,20.3
0.931068931068931,0.89993124,20,52.071091,0.4063084,78.274485,18.586265,2.2212806,4.0067704e-07,0.099867469,8.4573542e-08,2.0578937,1.11332557891372,-0.73511272,-0.26488728,22.819394,-20,9.6304797,2,20.3
0.932067932067932,0.84395034,20,52.038916,0.43915879,74.534537,17.825015,2.1860361,2.0871886e-08,0.092574062,2.220446e-14,2.1544372,0.886426440559472,-0.576140735,-0.306364905,29.034057,-20,8.1703502,2,20.3
0.933066933066933,0.87159235,20,52.822507,0.43373567,72.505023,20.007703,2.3041984,6.2323868e-09,0.080214463,1.5819007e-12,2.1765628,0.772370118819709,-0.51279048,-0.27155965,40,-20,10,2,20.3
0.934065934065934,0.8095848,20.000001,53.619719,0.3245577,67.384485,18.896827,2.2768336,2.2392765e-14,0.062445839,0.15962279,2.2259215,0.368610034777825,-0.023168025,-0.215626455,39.952403,10.813597,10,1.9999994,20.3
0.935064935064935,0.86551764,20,53.07461,0.384939,68.211674,17.717835,2.2583876,2.6406197e-08,0.055524988,0.32174743,1.7675332,0.630865684130733,-0.560891065,-0.345092595,40,-20,10,2,20.3
0.936063936063936,0.9,20,55.683433,0.36017156,88.21308,17.642546,2.225079,3.3055035e-09,0.046751078,0.58999304,2.0688504,0.647239222624556,-0.555383095,-0.189921645,40,-20,10,2,20.3
0.937062937062937,0.3478144,20,53.522703,0.21058129,1.9400614e-13,2.3744055e-13,2.2233211e-14,0.0043491263,0.087585234,1.2,0.8,2.49616011679029,-1,0,2.5792557e-14,20,10,2,20.3
0.938061938061938,0.014459673,28.080907,48.509152,0.21111208,2.2261343e-14,2.2229481e-14,2.2362995e-14,0.0047853498,0.09278041,1.2,0.8,3.2764710501631,-1,0,2.220446e-14,20,10,2,20.3
0.939060939060939,0.022468963,27.47885,47.636621,0.20656979,2.5407526e-14,2.2248213e-14,2.2228385e-14,0.0053913501,0.094272212,1.2,0.8,3.36461223142511,-1,0,2.2222398e-14,20,10,2,20.3
0.94005994005994,0.081311945,20.637361,43.955325,0.18457751,5.1836354e-12,2.2340356e-14,2.9331873e-14,0.006244777,0.091491884,1.1999998,0.8,3.44577490003778,-1,0,2.2335897e-14,20,10,2,20.3
0.941058941058941,0.45075855,20,52.525275,0.26215357,0.26161336,2.5243044e-14,0.8861474,0.0034434071,0.083911017,1.2,0.8,1.78344836309314,-1,0,2.220446e-14,19.983347,10,2,20.3
0.942057942057942,0.65831385,20,53.922435,0.32222449,64.819168,10.322586,2.0615511,3.1089155e-06,0.040175504,0.62767445,1.5657632,0.524498042792454,-0.56734958,-0.22332458,39.999997,-13.053333,10,2,20.3
0.943056943056943,0.6127231,20.000002,55.695631,0.2116447,61.755015,10.644001,2.0564648,0.00055589069,0.034672943,0.51839822,1.4662688,0.54957625254924,-0.84551328,-0.15448672,39.999886,6.6573304,10,1.9999999,20.3
0.944055944055944,0.68111757,20,54.478671,0.26027464,67.748273,12.778197,2.1118834,0.00026053212,0.041566488,0.46517541,1.4275078,0.588665147033584,-0.860655385,-0.139344615,39.999927,-18.70309,9.9999999,2,20.3
0.945054945054945,0.69580734,20,56.912939,0.23468775,84.517826,13.277714,2.1011486,4.0486935e-09,0.041843839,0.46328833,1.888094,0.487953291098585,-0.537232905,-0.186100495,40,-15.867243,10,2,20.3
0.946053946053946,0.89453874,20,55.99775,0.419438,110.27943,21.287051,2.2821503,1.4342474e-08,0.10383757,2.0706623e-13,2.8515573,0.619664713137429,-0.0597552735,-0.1395587965,39.999999,-20,10,2,20.3
0.947052947052947,0.89999986,20,58.593963,0.40226737,119.99998,23.8091,2.3647081,2.2659333e-11,0.1129189,2.2490289e-14,3.1146512,0.646041581567121,0.096834115,-0.057113955,39.999998,-20,10,2,20.3
0.948051948051948,0.9,20,60.558629,0.38741205,120,26.822275,2.5439213,1.1617957e-11,0.13195972,4.1300576e-14,3.2189415,0.59747705467221,0.43806767,-0.07375119,40,-20,10,-1.9999998,20.3
0.949050949050949,0.8443456,20,55.785534,0.37023011,104.20401,20.615645,2.2960622,3.7771937e-08,0.12778649,2.1350832e-09,2.5941615,0.735337367009043,-0.39422726,-0.20476318,29.065051,-20,9.9999913,-2,20.3
0.95004995004995,0.78626869,20,55.675164,0.35094104,93.301769,17.835885,2.2398983,8.7189692e-08,0.10484075,3.5649805e-14,2.2344936,0.776026345221866,-0.59650603,-0.29728414,35.513663,-20,9.9999989,-1.9999962,20.3
0.951048951048951,0.80946712,20,59.807113,0.41521381,101.07256,24.555209,2.4895971,5.553863e-07,0.093859151,3.0536891e-08,2.7107168,1.09911859031911,-0.4903139,-0.08823707,31.870593,-20,10,2,20.3
0.952047952047952,0.89999999,20,55.020191,0.32189285,114.03747,23.573412,2.3597192,7.0853732e-11,0.093362206,3.7932075e-14,2.7076015,0.597525231079405,-0.013228027,-0.038630693,39.99999,-20,10,1.9999999,20.3
0.953046953046953,0.77153607,20.105446,50.863928,0.18,36.889735,8.4769834,1.7835206,2.2683166e-05,0.051824715,0.087163605,1.735107,0.166600738101655,0.068548605,-0.209212265,40,4.6898601,10,2,20.3
0.954045954045954,0.80403286,20,56.438464,0.2025117,87.572723,12.896011,2.1009482,4.0112947e-07,0.027991017,1.0289152,1.2849346,0.288021603855404,-0.5441596,-0.28042972,40,-1.7947464,10,2,20.3
0.955044955044955,0.76952843,20,53.875536,0.25920241,81.894949,14.288409,2.1423907,0.0018760218,0.04832844,0.78759658,1.3217314,0.478826723380702,-0.999999805,-1.94999999980627e-07,39.999841,-19.999136,9.9999685,2,20.3
0.956043956043956,0.78942479,20,51.865335,0.27871543,74.470429,15.383097,2.178997,0.0022849045,0.06433511,0.50919053,1.3687648,0.521922826927965,-0.999993,-6.99999999997925e-06,39.999996,-20,9.9999994,2,20.3
0.957042957042957,0.76327185,20.000007,51.949286,0.28745759,72.856222,15.794695,2.1928816,0.0033751736,0.070727571,0.44605127,1.3439127,0.589297180374106,-1,0,39.998772,-19.999997,10,2,20.3
0.958041958041958,0.7565113,20,52.463043,0.28489539,76.498793,15.783154,2.1933021,0.0040504864,0.070031753,0.50563529,1.3213146,0.591617252020661,-1,0,39.999955,-19.999996,9.9999999,1.9999999,20.3
0.959040959040959,0.7556113,20,52.340454,0.28052184,76.727901,15.547141,2.1838185,0.0040195514,0.067330783,0.5544683,1.3001226,0.575847837456725,-0.999999995,-5.0000000251238e-09,39.999576,-20,9.9999698,1.9999999,20.3
0.96003996003996,0.66704125,20,54.392691,0.20910276,83.536547,14.016744,2.1320213,0.0041053338,0.051531261,0.74439039,1.2442822,0.382715140178896,-0.99999643,-3.55999999995804e-06,40,-19.999884,10,2,20.3
0.961038961038961,0.6755462,20,54.693547,0.19361777,79.677951,13.306849,2.1092705,0.0032628626,0.048845497,0.74842459,1.2675524,0.401918833721182,-1,0,39.999999,-20,9.9999999,2,20.3
0.962037962037962,0.71052438,20.000002,55.076084,0.19572981,77.998989,12.658806,2.0913117,0.0016925349,0.038308321,0.83891018,1.2838045,0.451520615209043,-0.999999095,-9.04999999995493e-07,39.999982,-19.999998,9.9999969,2,20.3
0.963036963036963,0.70041117,20,55.506222,0.1831029,80.618882,12.462793,2.0872713,0.0020006201,0.036150968,0.83257644,1.2921901,0.417699558428305,-1,0,40,-20,10,2,20.3
0.964035964035964,0.71746687,20,55.682364,0.18,82.506946,12.399596,2.08586,0.0023905826,0.023255993,0.89729589,1.2822186,0.385099967568928,-0.99999996,-3.99999999789458e-08,40,-19.999996,10,2,20.3
0.965034965034965,0.73763147,20,55.662238,0.18,88.949157,12.994223,2.1034149,0.0061982946,0.0045231486,0.99083289,1.2445728,0.30253670503299,-0.999999925,-7.49999999882789e-08,40,-18.158342,10,2,20.3
0.966033966033966,0.7633805,20.000002,56.417257,0.18,89.218143,12.4854,2.0887083,0.0035063969,0.0077059333,1.0888037,1.2928879,0.353706926590614,-0.999999645,-3.44999999957185e-07,39.999999,-8.2224874,9.9999993,2,20.3
0.967032967032967,0.75234613,20,56.745849,0.18,85.560779,12.016105,2.0760437,0.00011421622,0.01683714,1.0289717,1.3499736,0.387369015680479,-1,0,40,-8.081857,10,2,20.3
0.968031968031968,0.76369503,20.000005,56.098853,0.18,82.012823,11.991583,2.0750097,2.4331536e-06,0.015879481,0.91060971,1.4160353,0.380458075982089,-0.947360835,-0.052639165,39.999996,-5.3154821,9.999999,2,20.3
0.969030969030969,0.75102953,20,55.356252,0.18,84.530131,12.634227,2.0936282,0.0040490567,0.0059679825,0.87904846,1.3309943,0.317521872258163,-0.999999995,-5.0000000251238e-09,40,-14.14748,10,2,20.3
0.97002997002997,0.72300213,20,55.358114,0.18000001,84.297452,12.762996,2.0965998,0.004053481,0.0099035577,0.88682718,1.2705036,0.302250349944958,-0.99999993,-7.00000000186662e-08,40,-19.958357,9.9999999,2,20.3
0.971028971028971,0.70866342,20,56.282172,0.19120547,85.389029,12.570507,2.0914118,0.0022789685,0.020558881,0.95017981,1.2706943,0.353591048708286,-0.99999986,1.39999999981821e-07,40,-19.999979,10,2,20.3
0.972027972027972,0.71286333,20,56.434486,0.18000005,85.43548,12.398533,2.0859427,0.0024470042,0.016894265,0.96547569,1.2813006,0.361554831758125,-1,0,40,-20,10,2,20.3
0.973026973026973,0.75073263,20,55.032419,0.22950617,83.40962,13.633594,2.1227119,0.0018732519,0.0309736,0.74107511,1.3586504,0.485419700436999,-1,0,40,-19.999993,9.9999997,2,20.3
0.974025974025974,0.75799879,20.000002,54.853826,0.25683524,86.387403,14.375667,2.1448006,0.0030282304,0.032850164,0.71839181,1.3217525,0.518766367596423,-0.99999596,-3.67000000001116e-06,39.999959,-19.99984,9.9999988,2,20.3
0.975024975024975,0.73223533,20,55.312289,0.2185771,84.161999,13.78888,2.1292588,0.0021884004,0.035928683,0.66005588,1.3654937,0.510268468349046,-1,0,40,-20,10,2,20.3
0.976023976023976,0.73150168,20,55.780179,0.18,79.842239,12.912685,2.1068927,0.00091874789,0.026073089,0.60868484,1.5081941,0.508775559165998,-0.999996415,-3.12499999999272e-06,40,-20,10,2,20.3
0.977022977022977,0.74788932,20,54.658573,0.18,84.672092,13.08597,2.1073266,0.0064736373,0.0016620494,0.82997225,1.2973234,0.316465727365995,-0.999999995,-5.0000000251238e-09,40,-19.988265,10,2,20.3
0.978021978021978,0.76209,20,54.592464,0.18,87.383662,12.921444,2.1004979,0.0051161229,5.1851624e-14,1.0237804,1.1881834,0.256740211009871,-1,0,40,-2.8957332,10,2,20.3
0.979020979020979,0.7822783,20,53.754549,0.18,86.001759,13.003592,2.1023552,0.0020435593,2.2398063e-14,1.0283951,1.189756,0.200564573633813,-1,0,40,1.1219985,10,2,20.3
0.98001998001998,0.81563047,20,53.674637,0.18,82.827032,12.834503,2.0983661,0.0022901379,3.5566585e-12,0.9420885,1.2760016,0.267149455374922,-1,0,40,3.0828482,10,2,20.3
0.981018981018981,0.85881877,20,55.147062,0.18,81.707961,11.854677,2.0764735,0.0041876844,0.00072731884,0.74354006,1.5722357,0.403055295773227,-0.99171864,-0.00828136000000002,40,10.331122,10,2,20.3
0.982017982017982,0.8146171,20.000001,54.595129,0.18,79.472136,12.528773,2.09266,0.0053115084,0.00034242551,0.72500465,1.4686446,0.378916777201191,-0.99999995,3.99999999789458e-08,40,5.12765,9.9999998,2,20.3
0.983016983016983,0.72853615,20,55.665466,0.18,76.038411,12.195577,2.081578,0.00038040844,0.012942469,0.76887207,1.4239732,0.360051351654871,-0.89859332,-0.10140668,40,-0.48328681,10,2,20.3
0.984015984015984,0.72170113,20.000008,55.452925,0.18001122,76.773631,12.639337,2.0966878,0.001626436,0.01503343,0.66379273,1.4032808,0.330582090812881,-0.82170033,-0.17829914,39.999976,-8.4146177,9.9999925,2,20.3
0.985014985014985,0.73291634,20,55.547568,0.18,79.013021,12.585014,2.0965305,0.00026920529,0.014007698,0.69235315,1.4172327,0.294678564444339,-0.77387828,-0.2061349,40,-10.213074,10,2,20.3
0.986013986013986,0.75635558,20,55.210694,0.18,78.742665,12.735706,2.1023003,0.0016194754,0.0054167762,0.61088435,1.5273593,0.337000000330991,-0.86040767,-0.13959233,40,-7.3948802,10,2,20.3
0.987012987012987,0.7728688,20,55.641543,0.18,79.921675,12.342205,2.0915167,0.002258116,0.0031641458,0.68131219,1.5283819,0.361721640673384,-0.882824835,-0.117175165,40,5.2266386,10,2,20.3
0.988011988011988,0.77664867,20,55.25679,0.18,85.233086,12.80927,2.100352,0.0047966326,6.0564468e-11,0.9218137,1.3392345,0.349274350219188,-1,0,40,3.5822242,10,2,20.3
0.989010989010989,0.77177846,20,55.453943,0.18,87.856704,12.943323,2.1033852,0.0050248369,3.2686665e-12,1.0162775,1.2689334,0.331061450872239,-1,0,40,2.7695404,10,2,20.3
0.99000999000999,0.77903633,20,55.372947,0.18,89.053532,12.898309,2.100861,0.0047936782,3.8287393e-10,1.072716,1.2446613,0.323545622447477,-1,0,40,4.1511625,10,2,20.3
0.991008991008991,0.76566169,20,54.306286,0.18,89.553404,13.179121,2.1068717,0.0018591336,3.4595433e-14,1.1373989,1.151974,0.223368911531503,-1,0,40,0.079345959,10,2,20.3
0.992007992007992,0.74210633,20,54.324322,0.18,88.559105,13.208177,2.1084591,0.0045937571,3.6855647e-11,1.0443649,1.1387347,0.221725121792343,-1,0,40,-6.7124773,9.9999999,2,20.3
0.993006993006993,0.74520527,20,53.561228,0.18,86.073187,13.276516,2.1097955,0.0033875229,2.3104892e-14,0.97789953,1.1333388,0.185088865442593,-1,0,40,-11.749721,10,2,20.3
0.994005994005994,0.76146921,20,52.913846,0.18,83.424877,13.234881,2.1083979,0.0032299619,2.5826926e-14,0.89607666,1.1623836,0.161737559451143,-1,0,40,-13.962936,10,2,20.3
0.995004995004995,0.74534937,20,52.836031,0.18,81.701271,13.362279,2.1128311,0.0041299963,2.8897873e-14,0.79565499,1.1847596,0.172518179977614,-1,0,40,-20,10,2,20.3
0.996003996003996,0.72658233,20,53.506012,0.18,82.080293,13.464341,2.1169917,0.0067995596,3.0251362e-09,0.74833032,1.2127405,0.219626001599907,-1,0,40,-20,10,2,20.3
0.997002997002997,0.7337483,20.000001,53.107152,0.18000006,81.048315,13.671097,2.1229156,0.0088138154,1.6858897e-06,0.67075123,1.2390958,0.255480842774832,-1,0,39.999995,-19.999985,9.9999994,2,20.3
0.998001998001998,0.7364858,20,53.478556,0.18000001,80.739131,13.64144,2.1220728,0.0083297931,0.0019387311,0.634412,1.3063498,0.309245397982426,-1,0,40,-19.999995,10,2,20.3
0.999000999000999,0.73552173,20,54.164194,0.18000003,78.521966,13.330036,2.1119987,0.0046594001,0.0095266554,0.58754251,1.4340087,0.405442797763348,-0.99999686,-3.12999999996233e-06,40,-19.999998,10,2,20.3
1,0.7309355,20,54.243114,0.18,76.176868,13.452995,2.1147137,0.0025159819,0.012504546,0.44020693,1.5429591,0.448772286255736,-1,0,40,-20,10,2,20.3
